timestamp,cylinder_number,customer,job_number,grain_screened,ink_color,proof_ink,blade_mfg,cylinder_division,paper_type,ink_type,direct_steam,solvent_type,type_on_cylinder,press_type,press,unit_number,cylinder_size,paper_mill_location,plating_tank,proof_cut,viscosity,caliper,ink_temperature,humidity,roughness,blade_pressure,varnish_pct,press_speed,ink_pct,solvent_pct,ESA_Voltage,ESA_Amperage,wax,hardener,roller_durometer,current_density,anode_space_ratio,chrome_content,class
115,305,61,24,3,1,3,2,1,2,3,2,1,2,3,4,2.0,4,3,3,18,11,10,28,24,11,2,97,51,41,61,0,0,22,8,4,4,20,0,1
114,11,49,245,3,1,3,2,1,2,1,2,1,2,4,2,9.0,2,3,3,22,5,16,41,24,22,12,96,48,37,73,0,0,26,12,8,4,19,0,1
114,222,47,238,3,1,3,2,1,2,3,2,1,2,4,3,9.0,2,3,0,16,5,10,41,19,4,12,90,16,44,63,0,0,22,18,8,4,40,0,1
116,154,44,194,2,1,3,2,1,2,1,2,1,2,4,3,2.0,4,0,0,15,11,10,54,24,11,12,0,58,51,95,13,0,20,6,5,4,33,0,1
114,228,47,228,3,1,3,2,1,2,3,2,1,2,4,3,2.0,2,3,0,15,5,8,53,20,6,10,112,16,37,53,13,0,22,10,8,4,19,0,1
116,300,55,122,2,1,3,2,1,1,1,2,1,2,3,6,2.0,4,1,1,15,11,10,49,19,11,12,0,80,70,52,14,0,22,6,1,4,33,0,1
116,368,55,122,2,1,3,2,1,1,1,2,1,2,3,6,9.0,4,2,1,15,11,3,49,19,11,10,0,80,70,52,14,0,22,15,1,4,33,0,1
117,176,49,245,3,1,3,2,1,2,3,2,3,2,1,0,7.0,2,3,0,15,10,14,1,14,11,34,0,31,64,73,4,0,29,13,8,4,14,0,0
119,133,16,171,3,1,3,2,1,2,3,2,1,2,4,2,2.0,2,3,1,24,8,12,41,19,18,14,70,42,11,9,0,0,29,13,6,4,32,0,1
119,137,16,171,3,1,3,2,1,2,3,2,1,2,4,2,9.0,2,3,0,24,8,3,41,12,11,12,35,42,20,37,0,0,29,13,6,4,31,0,1
116,326,36,119,3,1,3,2,1,2,3,2,1,2,3,4,2.0,4,3,1,15,15,14,16,24,11,20,10,35,31,46,0,0,22,13,6,4,20,0,0
120,349,35,119,3,1,3,2,1,2,3,2,1,2,3,4,7.0,4,3,1,15,15,10,28,14,18,12,6,27,24,74,0,0,26,13,6,4,32,0,0
123,378,30,3,3,1,3,2,1,2,3,2,1,2,3,4,7.0,4,3,1,8,10,10,23,14,10,7,0,20,61,77,0,0,15,13,8,4,0,0,0
120,308,35,119,3,1,3,2,1,2,3,2,1,2,3,4,2.0,4,3,1,15,8,8,41,19,18,2,37,27,23,25,0,0,22,13,6,4,14,0,1
113,32,49,245,1,1,3,2,1,1,1,2,1,1,2,1,9.0,2,3,1,28,10,6,28,31,18,36,0,11,70,52,0,0,22,13,8,4,14,0,0
125,47,38,232,2,1,3,2,1,1,1,2,1,1,2,1,5.0,2,1,1,3,10,3,16,9,22,36,0,27,70,52,0,0,22,10,3,4,0,0,1
125,54,38,232,2,1,3,2,1,1,1,2,1,1,2,1,1.0,2,1,1,3,10,3,35,9,22,36,92,27,57,32,0,0,22,23,3,4,0,0,1
122,220,62,113,3,1,3,2,1,2,3,2,1,2,2,1,5.0,2,1,0,21,3,8,48,8,11,36,14,11,41,20,0,0,22,13,2,4,14,0,1
122,70,62,113,3,1,3,2,1,2,3,2,1,2,2,1,1.0,2,1,1,21,3,12,49,10,11,36,98,11,46,49,0,0,5,20,2,4,14,0,1
126,373,18,209,2,1,3,2,1,1,1,2,2,1,3,5,2.0,4,1,1,15,10,6,41,14,14,12,0,76,57,84,0,0,11,13,1,4,38,0,1
126,383,18,122,2,1,3,2,1,1,1,2,2,2,3,5,9.0,4,1,1,8,10,3,28,20,14,12,0,76,70,52,0,0,4,13,1,4,38,0,1
120,281,64,193,2,1,3,2,1,1,1,2,1,2,3,5,2.0,4,1,1,3,8,3,47,14,14,7,4,63,54,79,11,0,15,13,1,4,75,0,1
124,193,59,132,2,1,3,2,1,1,1,2,1,2,3,6,2.0,3,1,1,8,6,3,39,16,18,12,0,55,70,52,0,0,22,13,1,4,38,0,0
127,24,44,195,2,1,3,2,1,1,1,2,1,2,3,6,9.0,4,4,1,8,7,3,23,18,18,7,108,58,51,23,0,0,20,8,5,4,38,0,0
128,22,44,195,2,1,3,2,1,1,1,2,1,2,3,6,9.0,4,4,1,11,7,3,16,14,18,2,108,48,51,23,0,0,15,8,5,4,38,0,0
126,19,44,195,2,1,3,2,1,2,1,2,1,2,3,6,9.0,4,4,1,15,10,10,28,20,18,12,108,60,51,23,0,0,22,13,5,4,38,0,1
126,14,44,195,2,1,3,2,1,2,1,2,1,2,3,6,2.0,4,4,1,15,10,10,32,16,18,7,92,60,57,32,0,0,22,13,5,4,38,0,1
128,311,65,177,2,1,3,2,1,1,1,2,1,1,3,7,2.0,4,1,1,6,7,20,28,19,11,12,0,58,57,84,0,0,15,10,1,4,38,0,0
121,313,5,179,2,1,3,2,1,1,1,2,1,1,3,7,2.0,4,1,0,3,10,6,54,14,11,17,0,63,57,84,0,0,22,13,3,4,29,0,0
129,165,44,195,2,1,3,2,1,2,1,2,1,2,4,2,2.0,4,3,1,7,9,3,41,34,11,10,59,57,9,28,0,0,21,10,5,4,38,0,1
129,160,44,195,2,1,3,2,1,2,1,2,1,2,4,2,9.0,4,3,1,7,9,3,49,35,11,12,66,57,6,26,0,0,24,10,5,4,38,0,1
129,273,61,25,3,1,3,2,1,2,3,2,1,2,3,4,2.0,4,0,1,11,9,8,18,22,10,4,105,21,40,56,0,0,22,8,4,4,54,0,1
129,379,61,25,3,1,3,2,1,2,3,2,1,2,3,4,7.0,4,0,0,8,9,3,16,13,10,2,111,21,35,59,8,0,22,12,4,4,47,0,1
130,247,66,177,2,1,3,2,1,1,1,2,1,1,3,7,2.0,4,0,1,8,12,12,54,22,11,17,0,76,57,84,11,0,22,13,1,4,0,0,0
131,169,3,37,2,1,3,2,1,1,1,2,1,2,2,1,1.0,2,0,1,3,7,3,34,8,16,36,0,13,71,48,0,0,4,18,4,4,38,0,1
135,215,59,130,2,1,3,2,1,1,1,2,1,2,4,2,2.0,3,1,0,11,3,20,28,24,10,12,100,27,54,27,0,0,22,21,1,4,14,0,0
118,153,8,105,3,1,3,2,1,2,3,2,1,2,4,3,2.0,4,0,1,8,8,8,41,40,18,10,0,20,57,84,8,0,29,10,8,4,10,0,1
133,158,8,105,3,1,3,2,1,2,3,2,1,2,4,3,9.0,4,3,1,5,8,3,28,26,18,13,105,20,40,56,11,0,22,13,8,4,10,0,1
132,144,56,215,2,1,3,2,1,2,1,2,1,2,4,2,9.0,2,3,1,7,9,10,28,29,11,16,0,11,70,52,0,0,26,13,0,4,10,0,1
132,142,56,215,2,1,3,2,1,2,1,2,1,2,4,2,2.0,2,3,0,6,9,10,41,24,18,14,100,11,54,27,0,0,29,13,0,4,10,0,1
131,169,3,37,2,1,3,2,1,1,1,2,1,2,2,1,1.0,2,3,1,3,7,3,34,8,16,36,0,13,67,59,0,0,4,18,4,4,38,0,1
134,312,55,123,2,1,3,2,1,1,1,2,1,2,3,5,9.0,4,1,0,15,8,3,41,26,16,12,0,69,44,103,6,0,15,13,1,4,14,0,1
134,267,55,123,2,1,3,2,1,1,1,2,1,2,3,5,2.0,4,1,0,15,8,10,47,24,14,12,0,69,44,103,6,0,9,21,1,4,14,0,1
134,315,42,129,2,1,3,2,1,2,1,2,1,2,3,6,2.0,4,3,1,21,8,8,39,3,11,6,4,18,54,79,0,0,8,22,3,4,10,0,1
134,274,42,129,2,1,3,2,1,2,1,2,1,2,3,6,9.0,4,3,1,17,8,6,51,4,11,2,107,18,46,38,0,0,11,8,3,4,10,0,1
133,267,55,123,2,1,3,2,1,1,1,2,1,2,3,5,2.0,4,0,0,15,8,10,54,31,14,17,0,71,57,84,0,0,7,8,1,4,14,0,1
135,13,15,202,2,1,3,2,1,1,1,2,1,2,3,4,2.0,4,1,1,1,3,3,4,19,10,7,0,27,51,95,0,0,22,11,1,4,10,0,1
135,17,15,202,2,1,3,2,1,1,1,2,1,2,3,4,7.0,4,1,1,1,3,6,16,14,10,7,0,27,57,84,13,0,11,12,1,4,10,0,1
138,157,44,196,2,1,3,2,1,2,3,2,1,2,4,3,9.0,4,4,1,8,11,12,40,22,7,16,57,55,65,44,0,0,21,18,5,4,14,0,1
139,344,7,106,3,1,3,2,1,2,3,2,1,2,3,6,2.0,4,3,1,11,6,12,54,22,11,0,29,2,25,33,0,0,22,13,10,4,78,0,0
139,382,7,191,3,1,3,2,1,2,3,2,1,2,3,6,2.0,4,3,1,13,6,6,49,16,11,2,29,5,25,33,11,0,22,13,10,4,78,0,0
137,264,60,134,2,1,2,2,1,1,1,2,1,1,3,5,2.0,4,1,0,8,11,3,28,12,11,10,0,35,57,84,0,0,4,13,3,4,14,0,1
137,384,60,134,2,1,2,2,1,1,1,2,1,1,3,5,9.0,4,1,1,8,11,8,49,12,16,7,0,35,57,84,0,0,4,13,3,4,11,0,1
136,205,59,130,2,1,3,2,1,1,1,2,1,2,4,2,9.0,3,1,1,8,0,6,58,29,10,12,0,55,70,52,0,0,22,12,1,4,11,0,1
133,312,55,123,2,1,3,2,1,1,1,2,1,2,3,5,9.0,4,1,0,15,8,3,54,28,22,17,0,71,44,103,0,0,15,10,1,4,14,0,1
135,143,56,215,2,1,3,2,1,2,1,2,1,2,1,0,7.0,2,3,1,6,3,15,1,6,11,25,84,11,57,43,0,0,16,13,0,4,11,0,1
135,145,56,215,2,1,3,2,1,2,1,2,1,2,1,0,2.0,2,3,1,6,3,16,41,14,11,29,0,11,70,52,0,0,26,21,0,4,11,0,1
137,359,61,26,3,1,3,2,1,2,3,2,1,2,3,4,7.0,4,3,1,15,11,3,24,5,10,7,10,42,31,46,8,0,21,10,0,4,78,0,0
144,12,44,200,3,1,3,2,1,2,3,2,1,2,3,6,2.0,4,5,0,8,12,12,65,22,16,12,113,58,41,41,7,0,20,13,8,4,0,0,0
143,24,44,200,3,1,3,2,1,2,3,2,1,1,3,6,9.0,4,5,3,8,12,13,22,20,11,0,102,55,28,84,3,0,24,20,8,4,0,0,0
141,18,44,200,3,1,3,2,1,2,3,2,1,2,3,6,2.0,4,5,0,8,4,6,28,21,11,2,117,55,29,61,0,0,22,13,8,4,14,0,1
141,21,44,200,3,1,3,2,1,2,3,2,1,2,3,6,9.0,4,5,0,8,4,3,28,23,11,2,20,55,22,67,0,0,22,13,8,4,14,0,1
148,23,44,200,1,1,3,2,1,2,3,2,1,2,3,6,2.0,4,5,1,28,8,8,19,12,11,1,0,55,70,52,0,0,22,16,8,4,29,0,0
145,16,44,200,1,1,3,2,1,2,3,2,1,2,3,6,2.0,4,5,0,28,13,6,16,24,11,12,0,55,70,52,0,0,32,32,8,4,44,0,0
150,23,44,36,1,1,3,2,1,2,3,2,1,1,3,6,2.0,4,5,1,28,5,8,48,16,18,8,0,55,70,52,0,0,22,13,8,4,29,0,0
150,369,44,200,3,1,3,2,1,2,3,2,1,2,3,5,9.0,4,5,1,8,5,13,61,29,9,12,0,51,70,52,11,0,13,20,8,4,29,0,0
140,27,44,188,2,1,3,2,1,2,1,2,1,2,3,4,7.0,4,0,1,10,6,10,16,14,10,2,56,42,51,74,11,0,22,8,5,4,78,0,1
142,306,24,108,2,1,3,2,1,1,1,2,1,2,3,7,9.0,4,1,0,6,4,3,45,28,18,12,0,58,70,52,11,0,15,12,1,4,69,0,1
146,56,49,246,2,1,3,2,1,1,3,2,1,2,2,1,9.0,2,3,0,6,10,10,18,9,18,36,0,20,61,77,0,0,23,13,8,4,44,0,1
147,234,49,246,2,1,3,2,1,2,3,2,3,2,1,0,2.0,2,3,0,15,8,12,17,12,11,32,103,45,35,69,0,1,29,18,8,4,44,0,1
146,30,49,246,2,1,3,2,1,2,3,2,1,2,4,3,2.0,2,3,0,25,10,3,35,24,7,16,40,34,6,75,14,0,22,13,8,4,44,0,1
149,339,5,180,2,1,3,2,1,1,1,2,1,2,3,4,2.0,4,1,0,18,2,8,41,19,10,2,90,48,44,64,0,0,3,9,3,4,44,0,1
140,28,44,196,2,1,3,2,1,2,1,2,1,2,3,4,2.0,4,0,1,10,6,3,16,24,10,2,103,42,35,69,0,0,17,12,5,4,78,0,1
146,76,49,246,3,1,3,2,1,2,3,2,1,2,2,1,1.0,2,3,0,17,10,3,33,16,11,36,23,27,28,39,0,0,22,13,8,4,44,0,1
146,71,49,246,2,1,3,2,1,1,3,2,1,2,2,1,10.0,2,3,0,6,10,3,32,7,18,36,0,20,61,77,0,0,20,12,8,4,44,0,1
146,80,49,246,3,1,3,2,1,2,3,2,1,2,2,1,5.0,2,3,0,17,10,6,41,12,11,36,0,27,57,84,11,0,20,10,8,4,44,0,1
153,14,44,197,2,1,3,2,1,2,1,2,1,2,4,3,9.0,4,0,0,14,8,13,23,18,11,5,116,51,49,20,8,0,2,2,5,4,14,0,0
151,80,49,246,3,1,3,2,1,2,3,2,1,2,2,1,5.0,2,3,0,17,2,6,16,17,11,36,119,27,35,50,0,0,20,13,8,4,44,0,1
148,180,49,246,3,1,3,2,1,2,3,2,1,2,2,1,9.0,2,3,0,17,8,8,31,20,7,13,97,31,41,61,0,0,22,21,8,4,44,0,1
152,282,44,197,2,1,3,2,1,2,1,2,1,2,3,7,9.0,4,4,0,8,9,3,44,22,17,12,90,45,44,64,0,0,15,13,5,4,14,0,1
151,76,49,246,3,1,3,2,1,2,3,2,1,2,2,1,1.0,2,3,3,17,2,3,28,10,11,36,26,27,44,93,0,0,21,10,8,4,0,0,1
154,57,44,197,2,1,3,2,1,2,1,2,1,2,3,6,2.0,4,0,0,8,8,13,49,16,10,2,116,55,49,20,11,0,22,5,5,4,14,0,1
154,84,44,197,2,1,3,2,1,2,1,2,1,2,3,6,9.0,4,0,0,8,8,13,44,14,10,2,15,55,44,15,11,0,13,12,5,4,14,0,1
155,317,55,124,2,1,3,2,1,1,1,2,1,2,3,5,9.0,4,1,0,8,8,8,41,24,9,12,90,51,44,64,0,0,18,18,1,4,14,0,1
155,352,61,27,3,1,3,2,1,2,3,2,1,2,3,4,7.0,4,3,1,11,10,20,25,19,10,12,33,39,24,28,8,0,9,6,4,4,14,0,0
157,96,41,229,2,1,3,2,1,2,1,2,1,2,4,3,2.0,4,0,3,21,14,12,27,21,11,9,0,31,57,84,0,0,22,8,3,4,18,0,1
159,372,61,28,3,1,3,2,1,2,3,2,1,1,3,4,7.0,4,0,0,18,14,8,2,14,10,12,90,42,44,64,0,0,22,12,4,4,32,0,0
156,280,61,27,3,1,3,2,1,2,3,2,1,2,3,4,2.0,4,0,1,11,10,20,31,19,10,2,33,42,24,28,0,0,10,12,4,4,14,0,1
157,99,41,229,2,1,3,2,1,2,1,2,1,2,4,3,9.0,4,0,0,18,14,3,37,18,11,6,0,31,57,84,0,0,22,22,3,4,18,0,1
158,324,44,197,2,1,3,2,1,1,1,2,1,2,3,7,2.0,4,0,1,8,14,6,33,18,18,16,0,55,70,52,0,0,18,13,5,4,0,0,1
158,304,44,197,2,1,3,2,1,1,1,2,1,2,3,7,9.0,4,0,1,8,14,6,53,22,17,12,0,55,70,52,0,0,21,12,5,4,0,0,1
162,389,61,29,3,1,3,2,1,2,3,2,1,2,3,4,7.0,4,3,1,10,11,10,16,21,10,22,37,48,23,24,15,0,9,10,4,4,0,0,0
163,391,65,178,2,1,2,2,1,1,1,2,1,2,3,7,1.0,4,1,1,6,9,3,35,0,16,12,0,63,35,111,0,0,0,1,1,4,0,0,0
161,260,7,118,3,1,3,2,1,2,3,2,1,1,3,6,2.0,4,3,0,9,9,10,28,24,21,2,42,5,22,21,0,0,22,2,8,4,47,0,1
161,386,7,118,3,1,3,2,1,2,3,2,1,1,3,6,9.0,4,3,0,11,9,10,35,19,21,2,29,5,25,33,0,0,22,21,8,4,47,0,1
164,264,55,125,2,1,3,2,1,1,1,2,1,2,3,5,2.0,4,1,0,15,8,10,41,14,14,12,76,76,49,73,0,0,22,10,1,4,11,0,1
164,323,55,125,2,1,3,2,1,1,1,2,1,2,3,5,9.0,4,1,0,12,8,8,41,24,9,12,116,76,25,76,0,0,22,15,1,4,11,0,1
160,336,19,210,2,1,3,2,1,1,1,2,1,2,3,5,2.0,4,1,1,6,13,6,41,20,14,12,114,51,23,87,0,0,22,16,1,4,14,0,1
160,358,19,210,2,1,3,2,1,1,1,2,1,2,3,5,9.0,4,1,1,6,13,6,41,30,9,12,39,51,8,68,0,0,22,21,1,4,14,0,1
162,190,59,131,2,1,3,2,1,2,1,2,1,2,3,6,2.0,3,1,1,6,8,6,16,19,21,2,105,82,40,56,0,0,22,24,3,4,32,0,1
162,1,59,131,2,1,3,2,1,2,1,2,1,2,3,6,9.0,3,1,1,7,8,6,16,24,21,2,94,82,29,88,0,0,29,21,3,4,32,0,1
165,31,9,214,2,1,3,2,1,2,1,2,1,2,2,1,1.0,2,3,0,8,9,3,28,12,11,36,0,42,57,84,0,0,24,8,5,4,11,0,1
165,219,9,214,2,1,3,2,1,2,1,2,1,2,2,1,5.0,2,3,0,8,9,6,35,12,11,36,90,42,44,64,0,0,9,5,5,4,11,0,1
181,197,59,132,2,1,3,2,1,1,1,2,1,2,3,6,2.0,3,1,0,13,33,15,16,22,11,4,0,51,70,52,0,0,17,22,3,4,11,0,0
175,113,24,109,2,1,3,2,1,1,1,2,1,1,4,3,2.0,4,1,0,8,25,6,28,22,18,10,0,74,63,74,10,0,22,13,1,4,32,0,0
176,66,49,247,3,1,3,2,1,1,1,2,1,1,2,1,9.0,2,3,0,18,20,10,47,0,18,36,0,31,57,84,0,0,32,32,8,4,32,0,0
176,199,59,132,2,1,3,2,1,1,1,2,1,2,4,2,2.0,3,1,0,8,20,16,35,36,11,4,119,24,35,50,3,0,28,18,3,4,32,0,0
177,199,59,132,2,1,3,2,1,1,1,2,1,2,4,2,2.0,3,1,0,8,17,20,41,30,11,8,119,54,35,50,3,0,28,18,3,4,0,0,0
177,300,30,4,3,1,3,2,1,2,2,2,1,2,3,4,7.0,4,0,0,10,17,15,15,20,10,7,0,45,24,114,0,0,22,12,8,4,32,0,0
179,378,61,32,3,1,3,2,1,2,3,2,1,2,3,4,7.0,4,1,0,15,21,8,32,20,10,7,76,43,49,73,8,0,22,10,4,4,11,0,0
180,355,61,32,3,1,3,2,1,2,3,2,1,2,3,4,7.0,4,3,0,11,22,8,16,20,11,2,76,45,46,76,8,0,15,10,4,4,11,0,0
182,285,60,139,2,1,2,2,1,1,1,2,1,1,3,5,2.0,4,1,0,12,32,15,41,18,14,19,0,51,57,84,8,0,22,15,3,4,11,0,1
182,339,60,136,2,1,2,2,1,1,1,2,1,2,3,5,9.0,4,1,0,12,32,12,41,26,9,12,5,51,25,21,0,0,22,15,3,4,11,0,1
178,174,49,247,3,1,3,2,1,2,3,2,1,2,2,1,5.0,2,3,0,15,17,10,54,13,11,36,0,35,57,84,0,0,18,12,8,4,32,0,1
179,238,49,247,3,1,3,2,1,2,3,2,1,1,1,0,7.0,2,3,0,15,20,6,8,18,10,36,85,29,61,35,3,0,29,24,8,4,0,0,1
179,181,49,247,3,1,3,2,1,2,3,2,1,1,1,0,2.0,2,3,0,15,20,6,14,14,10,26,7,29,27,63,0,0,29,13,8,4,0,0,1
178,15,49,247,3,1,3,2,1,2,3,2,1,2,2,1,1.0,2,3,0,15,17,8,37,15,11,36,63,35,16,13,0,0,22,6,8,4,32,0,1
166,91,5,181,2,1,3,2,1,1,1,2,1,2,4,2,2.0,4,1,1,3,28,10,4,38,18,11,0,45,46,101,0,0,22,13,1,4,47,0,0
167,92,64,190,2,1,3,2,1,1,1,2,1,2,4,2,2.0,4,1,1,15,25,8,11,30,20,10,0,20,74,37,0,0,22,13,3,4,29,0,0
168,327,61,30,3,1,3,2,1,2,3,2,1,1,3,4,7.0,4,3,1,18,18,10,19,16,10,7,70,42,11,9,3,0,21,12,4,4,11,0,0
172,126,64,190,2,1,3,2,1,1,1,2,1,1,4,2,2.0,4,1,0,6,21,10,33,24,11,2,0,51,80,2,0,0,22,17,3,4,32,0,0
172,375,32,223,3,1,3,2,1,2,3,2,1,1,3,4,7.0,4,3,1,18,21,6,28,28,10,7,42,48,29,6,11,0,15,6,4,4,11,0,0
170,366,61,27,3,1,3,2,1,2,3,2,1,1,3,4,7.0,4,3,0,18,14,3,28,22,10,2,43,51,18,31,0,0,22,11,4,4,29,0,0
172,243,49,247,3,1,3,2,1,2,3,2,1,2,1,0,2.0,2,3,0,15,15,3,38,34,11,29,0,12,70,52,0,0,29,19,8,4,29,0,1
172,38,49,247,3,1,3,2,1,2,3,2,1,2,1,0,7.0,2,3,0,15,15,3,35,18,11,33,85,12,61,35,10,0,29,13,8,4,29,0,1
173,392,60,135,2,1,2,2,1,1,1,2,1,2,3,5,9.0,4,1,1,6,21,6,41,26,9,10,90,58,46,58,0,0,11,4,1,4,11,0,1
173,292,60,135,2,1,2,2,1,1,1,2,1,2,3,5,2.0,4,1,1,6,21,3,28,24,14,20,112,58,37,53,15,0,11,13,1,4,0,0,1
169,294,5,182,2,1,3,2,1,1,1,2,1,2,3,5,2.0,4,1,1,8,15,3,41,12,14,12,0,76,57,84,15,0,22,21,3,4,11,0,1
169,275,5,244,2,1,3,2,1,1,1,2,1,2,3,5,9.0,4,1,1,8,15,6,41,14,9,12,0,76,57,84,15,0,9,5,3,4,11,0,1
167,29,44,39,2,1,3,2,1,2,1,2,1,2,3,6,2.0,4,0,0,28,24,6,19,24,18,2,90,82,44,64,0,0,15,29,3,4,29,0,1
167,25,44,39,2,1,3,2,1,2,1,2,1,2,3,6,9.0,4,0,1,7,24,6,41,19,11,2,81,82,40,85,0,0,22,21,3,4,29,0,1
166,83,9,214,2,1,3,2,1,2,1,2,1,2,4,3,9.0,2,3,1,8,19,3,39,20,7,19,90,40,44,64,0,0,22,21,5,4,11,0,1
166,72,9,214,2,1,3,2,1,2,2,2,1,2,4,3,2.0,2,3,1,8,19,3,34,22,7,16,91,40,49,47,0,0,22,15,5,4,11,0,1
172,272,32,223,3,1,3,2,1,2,3,2,1,1,3,4,2.0,4,3,1,18,10,8,35,23,10,2,42,48,40,21,11,0,22,13,4,4,0,0,1
174,265,61,31,3,1,3,2,1,2,3,2,1,1,3,4,7.0,4,3,0,16,29,15,35,26,10,12,0,45,79,4,11,0,22,12,4,4,11,0,0
171,107,24,109,2,1,3,2,1,1,1,2,1,1,4,3,9.0,4,1,0,8,21,6,49,23,7,10,0,71,64,73,0,0,22,21,1,4,29,0,0
189,263,24,110,2,1,3,2,1,1,1,2,1,2,3,5,2.0,4,1,0,11,19,12,35,20,14,12,90,68,44,64,8,0,22,18,1,4,29,0,1
188,379,44,198,2,1,3,2,1,2,1,2,1,2,3,7,2.0,4,4,0,13,33,15,41,24,11,12,0,68,57,84,0,0,9,13,5,4,29,0,1
188,322,44,198,2,1,3,2,1,2,1,2,1,2,3,7,9.0,4,4,0,13,33,13,41,24,11,12,0,68,29,113,0,0,9,9,5,4,29,0,1
189,261,24,110,2,1,3,2,1,1,1,2,1,2,3,5,9.0,4,1,0,11,19,14,35,18,9,20,10,68,31,46,8,0,22,23,1,4,29,0,1
187,20,44,198,2,1,3,2,1,2,1,2,1,1,3,6,2.0,4,1,1,7,35,12,27,8,11,10,76,20,51,66,0,0,22,13,8,4,35,0,1
187,26,44,198,2,1,3,2,1,2,1,2,1,2,3,6,9.0,4,1,1,7,35,15,28,9,11,7,88,20,40,75,0,0,20,12,8,4,32,0,1
185,337,64,192,2,1,3,2,1,1,1,2,1,2,3,5,2.0,4,1,1,13,25,15,23,18,14,2,112,27,37,53,0,0,15,21,5,4,47,0,1
183,278,55,213,2,1,3,1,1,1,1,2,1,2,3,7,9.0,4,1,0,8,27,10,41,28,17,10,0,63,57,84,11,0,22,6,1,4,29,0,1
183,311,55,126,2,1,3,2,1,1,1,2,1,2,3,7,2.0,4,1,0,8,27,8,41,28,17,14,0,63,57,84,11,0,8,13,1,4,29,0,1
174,107,24,109,2,1,3,2,1,1,1,2,1,2,4,3,9.0,4,1,0,8,29,3,35,29,18,8,0,76,57,84,0,0,22,13,1,4,11,0,1
174,113,24,109,2,1,3,2,1,1,1,2,1,2,4,3,2.0,4,1,0,8,29,6,28,26,11,13,0,76,63,74,10,0,22,13,1,4,32,0,1
186,174,49,247,3,1,3,2,1,2,3,2,1,1,1,0,7.0,2,3,0,15,34,14,54,26,11,29,0,35,70,52,0,0,29,13,8,4,29,0,0
185,333,64,192,2,1,3,2,1,1,1,2,1,1,3,5,9.0,4,1,1,15,25,15,41,20,9,10,90,27,44,64,0,0,4,5,5,4,47,0,1
183,160,37,217,2,1,3,2,1,1,1,2,1,2,4,2,2.0,4,0,0,15,27,15,34,41,11,7,11,42,19,85,0,0,26,18,3,4,47,0,1
183,163,37,217,2,1,3,2,1,1,1,2,1,2,4,2,9.0,4,0,1,15,27,15,27,40,11,8,14,53,24,65,0,0,26,10,3,4,47,0,1
184,71,49,247,3,1,3,2,1,2,3,2,1,2,2,1,1.0,2,3,0,15,33,14,9,14,22,36,62,35,14,15,0,0,22,13,8,4,29,0,0
188,397,44,189,2,1,3,2,1,2,1,2,1,2,4,2,9.0,4,4,1,6,33,15,31,34,16,12,93,20,61,23,3,0,22,13,5,4,35,0,0
192,90,64,203,2,1,3,2,1,1,1,2,1,2,4,3,2.0,4,0,0,28,21,10,42,28,3,12,87,67,31,92,13,0,29,10,1,4,47,0,1
192,110,64,203,2,1,3,2,1,1,1,2,1,2,4,3,9.0,4,0,3,5,21,14,30,23,4,10,87,67,31,92,0,0,13,5,1,4,29,0,1
193,336,5,183,2,1,3,2,1,1,1,2,1,2,3,7,2.0,4,1,0,8,21,10,54,26,11,12,0,79,31,112,0,0,15,13,3,4,14,0,1
193,387,64,183,2,1,3,2,1,1,1,2,1,2,3,7,9.0,4,1,0,3,21,9,54,16,11,12,0,79,31,112,0,0,15,13,3,4,14,0,1
194,123,64,203,2,1,3,2,1,1,1,2,1,2,4,2,2.0,4,1,0,3,34,10,41,41,11,17,0,57,70,52,0,0,25,13,3,4,0,0,1
194,279,55,127,2,1,3,2,1,1,1,2,1,2,3,6,2.0,4,1,0,11,34,8,37,16,11,3,90,77,44,64,0,0,27,15,1,4,14,0,1
194,376,55,212,2,1,3,2,1,1,1,2,1,2,3,6,9.0,4,1,0,11,34,8,44,20,11,4,90,77,44,64,0,0,24,8,1,4,14,0,1
194,121,64,203,2,1,3,2,1,1,1,2,1,1,4,2,9.0,4,1,0,5,34,3,35,38,11,12,1,57,31,92,0,0,22,13,3,4,0,0,1
200,381,64,204,2,1,3,2,1,1,1,2,1,1,3,5,2.0,4,1,0,28,31,3,28,26,14,12,100,51,54,27,13,0,22,12,1,4,11,0,0
199,138,47,218,3,1,3,2,1,2,3,2,1,1,4,3,9.0,2,3,0,11,30,10,47,22,11,14,76,35,49,73,11,0,22,13,4,4,29,0,0
198,203,58,116,3,1,3,2,1,2,3,2,1,2,4,3,2.0,3,3,0,8,33,10,16,32,11,14,0,41,63,74,10,0,22,13,8,4,11,0,0
197,359,64,187,2,1,3,2,1,2,1,2,1,2,3,5,9.0,4,1,0,8,29,3,49,26,9,12,56,51,51,75,0,0,7,10,1,4,29,0,0
196,147,16,173,3,1,3,2,1,2,2,2,1,2,4,2,2.0,2,3,0,8,30,8,45,23,10,12,0,20,70,52,11,0,22,13,6,4,29,0,0
195,223,33,222,3,1,3,2,1,2,3,2,1,2,2,1,1.0,2,3,0,15,31,6,41,31,18,36,15,23,44,15,0,0,22,13,4,4,0,0,0
191,399,44,198,2,1,3,2,1,2,1,2,1,2,4,2,9.0,4,3,1,6,27,15,23,38,18,17,0,51,72,45,0,0,22,13,5,4,35,0,0
191,303,24,110,2,1,3,2,1,1,1,2,1,1,3,5,2.0,4,1,0,8,27,20,41,24,14,20,0,68,70,52,0,0,22,8,1,4,47,0,0
190,4,44,198,2,1,3,2,1,2,1,2,1,2,3,6,9.0,4,3,0,10,23,15,28,20,18,2,88,55,40,75,0,0,22,13,5,4,18,0,0
203,175,49,248,3,1,3,2,1,1,1,2,1,2,2,1,9.0,2,3,0,15,29,6,58,8,18,36,0,5,70,52,0,0,29,13,8,4,29,0,0
203,51,49,248,3,1,3,2,1,1,1,2,1,2,2,1,10.0,2,0,0,15,29,3,41,30,11,36,0,5,57,83,0,0,22,13,8,4,29,0,0
201,150,47,218,3,1,3,2,1,2,3,2,1,2,4,3,2.0,2,1,0,21,31,3,23,29,3,36,0,82,69,54,0,0,22,13,4,4,29,0,0
202,329,64,205,2,1,3,2,1,1,1,2,1,1,3,5,9.0,4,1,0,8,29,6,34,32,9,6,82,46,43,74,8,0,15,18,1,4,29,0,1
202,370,64,205,2,1,3,2,1,1,1,2,1,1,3,5,2.0,4,1,0,8,29,3,41,20,14,5,85,46,61,35,10,0,15,8,1,4,29,0,1
12,82,49,240,3,1,3,2,1,2,3,2,1,2,4,3,9.0,2,3,0,13,28,10,48,28,7,9,64,45,1,56,13,0,23,3,8,1,72,0,0
9,48,49,240,3,1,3,2,1,2,3,2,3,2,4,3,9.0,2,3,0,15,15,10,23,28,3,6,64,20,1,56,0,0,30,6,8,1,17,0,0
11,171,49,240,3,1,3,2,1,2,3,2,1,2,2,1,1.0,2,3,0,15,13,6,4,24,19,36,51,35,17,19,0,0,24,6,8,1,0,0,0
14,136,6,58,3,1,3,2,1,2,3,2,3,2,4,2,9.0,2,3,1,16,19,18,41,26,16,4,37,81,23,25,0,0,22,14,10,4,72,0,0
2,191,59,70,2,1,3,2,1,1,1,2,1,1,3,6,2.0,3,1,0,8,6,6,16,23,11,2,0,23,67,59,13,0,31,23,3,1,77,0,1
4,164,64,142,2,1,3,2,1,1,1,2,1,2,4,2,9.0,4,1,0,11,7,6,28,20,11,12,0,64,57,84,0,0,22,13,1,2,0,0,1
4,157,64,142,2,1,3,2,1,1,1,2,1,2,4,2,2.0,4,1,0,11,7,6,41,28,10,10,0,64,40,108,0,0,22,13,1,2,0,0,1
18,60,50,165,3,1,3,2,1,2,3,2,1,2,1,0,7.0,2,3,1,18,19,8,28,14,10,34,76,27,49,73,0,0,4,4,9,4,17,0,1
18,73,50,165,3,1,3,2,1,2,2,2,1,1,1,0,2.0,2,3,1,20,19,8,35,24,10,31,0,27,70,52,0,0,29,5,9,4,17,0,1
8,186,49,240,2,1,3,2,1,1,1,2,1,2,2,1,9.0,2,3,0,8,19,6,36,33,18,36,4,35,54,79,0,0,22,6,8,1,17,0,1
1,103,24,84,2,1,3,2,1,1,1,2,1,2,4,2,2.0,4,3,0,8,3,10,41,36,10,7,3,51,37,107,0,0,22,14,1,1,1,0,1
15,45,40,158,2,1,3,2,1,2,1,2,1,2,4,2,1.0,2,1,1,15,25,10,16,19,10,15,0,55,75,26,0,0,0,1,5,4,77,0,0
5,105,11,83,3,1,3,2,1,2,3,2,3,2,4,3,9.0,4,3,0,11,14,3,41,16,5,19,33,31,24,28,0,0,22,2,6,1,77,0,0
4,59,26,164,3,1,3,2,1,2,3,2,1,2,2,1,5.0,2,3,0,21,8,14,28,38,18,36,118,20,31,55,0,2,22,13,8,2,0,0,0
1,290,61,7,3,1,3,2,1,2,3,2,1,1,3,4,7.0,4,3,1,13,6,12,58,18,7,12,46,51,7,57,8,0,22,13,8,1,0,0,0
3,237,26,164,3,1,3,2,1,2,3,2,1,2,1,0,2.0,2,3,0,13,17,8,20,41,11,31,19,27,35,30,0,0,29,13,8,1,0,0,0
18,213,59,71,2,1,3,2,1,1,1,2,1,2,4,3,9.0,3,1,1,7,19,10,23,24,18,2,13,76,40,26,0,0,22,4,1,4,17,0,1
18,200,59,71,2,1,3,2,1,1,1,2,1,2,4,3,2.0,3,1,1,17,19,8,24,26,22,14,10,76,31,46,0,0,22,5,1,4,0,0,1
13,338,64,143,2,1,3,2,1,1,1,2,1,2,3,6,2.0,4,1,0,11,20,10,28,19,11,7,0,71,62,75,0,0,15,28,1,1,71,0,1
6,195,59,70,2,1,3,2,1,2,1,2,1,1,3,6,9.0,4,1,0,8,13,10,28,26,18,17,0,36,60,79,0,0,9,21,2,1,0,0,1
6,188,59,70,2,1,3,2,1,2,1,2,1,1,3,6,2.0,4,1,0,8,13,12,28,19,18,12,0,36,67,59,0,0,22,31,3,1,13,0,1
7,231,49,240,3,1,3,2,1,2,3,2,1,1,1,0,7.0,2,3,0,15,17,3,16,24,11,34,82,35,41,79,0,0,22,13,8,1,0,0,0
8,171,49,240,3,1,3,2,1,2,3,2,1,2,2,1,1.0,2,3,0,18,19,6,6,23,18,36,51,35,17,19,0,0,16,6,8,1,0,0,1
8,244,49,240,2,1,3,2,1,1,1,2,1,2,2,1,10.0,2,3,0,8,19,8,21,31,18,36,83,35,46,68,0,0,22,13,8,1,74,0,1
8,245,49,240,3,1,3,2,1,2,3,2,1,2,1,0,2.0,2,3,0,27,19,3,23,26,11,29,55,51,48,87,0,0,29,12,8,1,0,0,1
8,179,49,240,3,1,3,2,1,2,3,2,1,2,2,1,5.0,2,3,0,13,19,3,43,13,18,36,75,35,43,83,0,0,22,12,8,0,17,0,1
10,81,49,240,3,1,3,2,1,2,3,2,1,2,4,3,2.0,2,3,0,21,15,10,28,16,11,12,38,35,7,73,3,0,29,5,8,1,0,0,0
13,364,60,92,2,1,2,2,1,1,1,3,1,2,3,5,9.0,4,1,0,15,13,12,39,14,22,12,0,51,57,84,13,0,22,16,1,1,0,0,1
13,351,60,92,2,1,2,2,1,1,1,2,1,2,3,5,2.0,4,3,0,15,13,6,35,12,14,12,0,51,50,96,5,0,9,13,1,1,0,0,1
8,182,39,170,2,1,3,2,1,1,1,2,1,2,4,2,9.0,2,1,0,8,19,6,28,24,11,10,0,45,57,84,0,0,22,16,1,1,0,0,1
8,170,39,170,2,1,3,2,1,1,1,2,1,2,4,2,2.0,2,1,0,8,19,10,28,32,11,10,0,45,57,84,0,0,22,16,1,1,0,0,1
18,271,61,8,3,1,3,2,1,2,3,2,1,1,3,4,7.0,4,3,1,8,19,12,18,24,22,2,71,48,1,18,10,0,22,10,8,4,17,0,1
17,80,51,165,3,2,3,2,1,2,2,2,1,1,1,0,2.0,2,3,3,15,30,20,54,0,10,30,90,31,43,64,0,0,29,6,9,7,81,0,0
24,367,33,43,3,1,3,2,1,2,2,2,1,1,3,4,7.0,4,3,0,17,27,16,23,39,11,2,0,53,57,84,0,0,15,13,6,2,0,0,0
16,74,50,165,3,1,3,2,1,2,3,2,1,1,1,0,2.0,2,3,0,15,21,3,20,2,11,35,0,27,43,104,0,0,29,13,9,2,0,0,0
19,42,40,159,2,1,3,2,1,1,1,2,1,0,2,1,6.0,2,4,1,13,27,12,28,28,22,36,90,82,46,58,0,0,22,13,5,4,72,0,1
19,88,40,159,2,1,3,2,1,1,1,2,1,0,2,1,1.0,2,4,1,13,27,20,28,24,22,36,90,82,46,58,0,0,22,13,5,4,77,0,1
23,201,59,72,2,1,3,2,1,1,1,2,1,2,4,2,9.0,3,1,0,3,23,16,40,25,10,12,0,60,70,52,5,0,22,13,1,2,61,0,1
23,207,59,72,2,1,3,2,1,1,1,2,1,2,4,2,2.0,3,1,0,3,23,12,47,22,10,12,0,60,57,84,5,0,22,13,1,2,61,0,1
21,343,64,168,2,1,3,2,1,1,1,2,1,2,3,5,2.0,4,1,0,3,16,10,41,14,14,2,0,68,57,84,0,0,9,6,1,2,17,0,1
21,341,64,168,2,1,3,2,1,1,1,3,1,2,3,5,9.0,4,1,0,3,16,12,41,20,16,7,53,68,5,58,10,0,6,5,1,2,17,0,1
23,390,64,144,2,1,3,2,1,1,1,2,1,2,3,6,9.0,4,1,0,3,23,17,28,41,11,12,0,71,57,84,14,0,19,13,1,2,0,0,1
23,395,64,144,2,1,3,2,1,1,1,2,1,2,3,6,2.0,4,1,0,3,23,17,28,40,11,12,0,71,57,84,14,0,29,9,1,2,0,0,1
18,97,17,141,3,1,3,2,1,1,3,2,1,1,4,2,9.0,4,1,0,17,19,16,47,34,11,19,0,45,70,61,0,0,28,15,3,2,0,0,1
18,93,17,141,3,1,3,2,1,1,3,2,1,1,4,2,2.0,4,1,0,19,19,6,28,26,11,19,0,45,57,84,0,0,15,13,3,2,0,0,1
18,365,61,8,3,2,3,2,1,2,3,2,3,2,3,4,2.0,4,3,3,8,19,20,24,29,22,2,66,48,6,26,0,0,22,10,8,7,81,0,1
22,10,22,56,3,1,3,2,1,2,3,2,1,2,2,1,1.0,2,6,0,15,18,10,41,9,11,36,37,5,23,25,0,0,22,13,0,2,65,0,1
22,87,22,56,3,1,3,2,1,2,3,2,1,2,2,1,6.0,2,6,0,15,18,10,49,34,11,36,17,5,28,49,0,0,22,8,0,2,0,0,1
26,129,28,163,3,1,3,2,1,2,2,2,1,2,1,0,7.0,2,3,0,15,24,14,4,36,10,28,0,5,57,84,0,0,29,15,8,2,0,0,0
27,37,14,227,3,1,3,2,1,2,3,2,1,1,4,2,9.0,2,3,0,20,20,12,16,30,11,12,25,35,24,48,0,0,28,12,4,2,0,0,1
27,224,14,227,3,1,3,2,1,2,3,2,1,1,4,2,2.0,2,3,0,18,20,10,4,30,11,10,28,35,22,51,0,0,29,10,4,2,0,0,1
20,50,12,166,1,2,3,2,1,1,1,2,1,2,4,2,9.0,2,1,3,28,25,20,35,24,22,12,25,42,40,12,0,0,25,13,3,7,81,0,1
20,41,12,216,1,2,3,2,1,1,1,2,1,2,4,2,2.0,2,1,3,28,25,20,28,22,10,16,33,42,24,28,0,0,22,13,3,7,81,0,1
27,86,16,169,3,1,3,2,1,2,2,2,1,1,2,1,6.0,2,3,0,15,24,15,28,34,11,36,0,20,57,84,0,0,22,13,8,2,0,0,0
29,394,61,9,3,1,3,2,1,2,3,2,1,1,3,4,7.0,4,3,0,18,14,6,37,24,18,12,80,53,2,1,3,0,24,13,8,3,0,0,0
28,169,52,42,3,1,3,2,1,2,3,2,1,2,4,2,2.0,2,0,0,24,14,12,10,26,10,12,0,7,78,9,3,0,22,13,6,3,13,0,0
27,140,29,163,2,1,3,2,1,2,3,2,1,1,1,0,2.0,2,3,0,24,30,15,16,0,11,20,101,3,54,27,0,0,22,13,8,2,0,0,0
28,263,64,145,2,1,3,2,1,1,1,2,1,0,3,5,6.0,4,1,1,15,23,10,41,42,16,6,0,63,57,84,0,0,6,6,1,5,68,0,1
28,183,52,42,3,1,3,2,1,2,3,2,1,1,4,2,9.0,2,0,0,24,23,15,28,18,10,14,0,45,51,95,3,0,22,13,6,3,13,0,0
28,308,64,145,2,1,3,2,1,1,1,2,1,0,3,5,2.0,4,1,1,15,23,12,35,19,14,6,0,63,57,84,0,0,9,6,1,5,0,0,1
30,161,67,55,3,1,3,2,1,2,3,2,1,2,4,3,9.0,4,3,1,23,12,2,54,19,11,12,30,35,18,57,0,0,29,5,8,4,77,0,0
32,270,5,78,2,1,3,2,1,1,1,2,1,2,3,6,9.0,4,1,1,8,12,3,28,19,11,7,0,58,66,64,0,0,21,15,3,4,77,0,1
31,276,61,10,3,1,3,2,1,2,3,2,1,2,3,4,2.0,4,3,1,11,12,3,16,24,11,2,48,45,9,48,0,0,22,10,8,4,77,0,1
0,356,30,0,3,2,3,2,1,2,3,2,1,1,3,4,7.0,4,0,3,15,24,12,23,15,10,2,15,31,43,15,0,0,22,13,8,7,81,0,0
33,232,47,161,3,1,3,2,1,2,3,2,1,2,4,2,2.0,2,3,0,21,23,12,31,37,18,7,0,31,45,18,0,0,22,13,8,2,0,0,0
34,63,47,161,3,1,3,2,1,2,3,2,1,1,4,2,2.0,2,3,0,15,23,14,10,0,11,17,0,42,43,104,10,0,24,5,8,2,0,0,0
35,9,49,241,3,1,3,2,1,2,3,2,1,2,1,0,2.0,2,3,0,8,21,10,49,24,22,24,61,11,7,34,0,0,29,6,8,2,0,0,1
35,173,49,241,3,1,3,2,1,2,3,2,1,2,1,0,7.0,2,3,1,3,21,16,41,14,22,34,67,11,10,14,0,0,29,12,8,4,74,0,1
35,230,47,161,3,1,3,2,1,2,3,2,3,2,4,2,9.0,2,3,0,7,21,10,16,26,10,10,0,35,57,84,8,0,22,5,8,2,0,0,1
35,178,49,241,3,1,3,2,1,2,3,2,3,2,2,1,5.0,2,3,1,15,21,12,24,18,11,36,104,11,37,62,0,2,21,10,8,4,74,0,1
35,67,49,241,3,1,3,2,1,2,3,2,3,2,2,1,1.0,2,3,1,20,21,18,13,17,11,36,82,11,32,97,0,0,15,5,8,4,74,0,1
32,309,5,78,2,1,3,2,1,1,1,2,1,2,3,6,2.0,4,1,1,11,20,3,16,17,11,12,0,58,66,64,0,0,22,10,3,4,74,0,0
35,322,37,89,2,1,3,2,1,1,1,2,1,2,3,5,9.0,4,1,1,3,21,3,25,31,16,2,0,60,57,84,6,0,9,6,1,4,74,0,1
35,297,37,89,2,1,3,2,1,1,1,2,1,2,3,5,2.0,4,1,0,8,21,12,33,30,14,14,0,60,57,84,6,0,18,10,1,2,0,0,1
35,8,49,241,3,1,3,2,1,1,1,2,1,2,2,1,10.0,2,3,1,18,21,15,28,31,11,36,0,4,70,52,0,0,22,13,8,4,74,0,1
35,233,49,241,3,1,3,2,1,1,1,2,1,2,2,1,9.0,2,3,1,18,21,15,28,37,11,36,0,4,70,52,0,0,22,13,8,4,74,0,1
39,246,54,157,3,1,3,2,1,2,3,2,3,1,4,3,2.0,2,3,1,21,21,10,41,31,10,8,10,15,25,65,10,0,29,18,8,4,68,0,0
40,50,54,157,3,1,3,2,1,2,3,2,1,1,1,0,2.0,2,3,0,21,18,10,58,1,10,29,69,27,0,47,0,0,29,8,8,2,22,0,1
39,52,54,157,3,1,3,2,1,2,3,2,1,1,1,0,7.0,2,3,0,20,18,14,23,14,10,33,60,27,3,54,10,0,29,13,8,2,22,0,1
38,53,62,121,3,1,3,2,1,2,3,2,1,1,1,0,7.0,2,3,1,23,26,10,16,29,11,29,77,32,49,72,8,0,29,13,2,4,68,0,1
38,55,62,121,3,1,3,2,1,2,3,2,1,1,1,0,2.0,2,3,0,24,26,14,26,24,5,24,54,32,4,57,0,0,29,13,2,2,22,0,1
38,296,25,85,2,1,3,2,1,1,1,2,1,2,3,7,2.0,4,1,1,15,26,8,19,32,18,11,0,73,31,112,17,0,22,15,1,4,68,0,1
38,356,25,85,2,1,3,2,1,1,1,2,1,2,3,7,10.0,4,1,0,15,26,12,4,16,18,21,0,73,57,84,17,0,15,13,1,2,22,0,1
38,325,55,98,2,1,3,2,1,1,1,2,1,1,3,4,2.0,4,1,0,11,26,15,16,22,11,2,72,58,5,8,0,0,22,10,1,2,22,0,1
38,301,55,98,2,1,3,2,1,1,1,2,1,2,3,4,7.0,4,1,0,15,26,12,5,14,11,7,66,58,2,44,13,0,22,10,1,2,22,0,1
25,196,59,72,2,1,3,2,1,1,1,2,1,0,3,6,2.0,3,1,0,5,19,8,35,22,18,7,0,51,57,84,5,0,22,5,1,2,64,0,1
25,189,59,72,2,1,3,2,1,1,1,2,1,0,3,6,9.0,3,1,0,5,19,18,35,22,18,7,0,51,57,84,5,0,8,10,1,2,13,0,1
37,357,64,147,2,1,3,2,1,1,1,2,1,2,3,6,9.0,4,1,1,8,19,3,28,16,11,17,0,78,56,86,0,0,17,15,1,4,0,0,1
37,383,64,147,2,1,3,2,1,1,1,2,1,2,3,6,2.0,4,1,1,8,19,14,28,22,11,2,0,78,66,64,0,0,22,8,1,4,0,0,1
36,346,64,147,2,1,3,2,1,1,1,2,1,2,3,5,9.0,4,1,0,11,19,3,28,24,14,2,0,55,57,84,0,0,9,6,3,2,51,0,1
45,156,63,63,1,1,3,2,1,1,3,2,1,1,4,3,9.0,4,0,0,28,16,2,41,19,7,12,0,45,57,84,0,0,17,13,1,2,0,0,0
41,277,55,99,2,1,3,2,1,1,1,2,1,2,3,7,2.0,4,3,0,8,19,15,32,32,16,36,92,71,23,105,15,0,22,13,3,2,51,0,1
41,307,55,99,2,1,3,2,1,1,1,2,1,2,3,7,9.0,4,3,0,8,19,12,25,34,16,36,0,71,31,112,11,0,29,15,3,2,51,0,1
41,35,22,2,3,1,3,2,1,2,3,2,1,2,4,3,2.0,2,3,0,20,19,14,45,23,7,5,52,20,18,16,13,0,29,13,2,2,64,0,1
40,85,54,157,3,1,3,2,1,2,3,2,1,1,1,0,2.0,2,3,0,21,18,12,49,32,11,31,69,24,0,47,0,0,29,10,8,2,21,0,1
41,65,22,2,3,1,3,2,1,2,3,2,1,2,4,3,9.0,2,3,0,18,19,10,39,23,7,12,23,20,28,39,0,0,29,5,2,2,64,0,1
40,63,54,157,3,1,3,2,1,2,3,2,1,1,1,0,7.0,2,3,0,21,18,10,25,14,11,29,60,24,3,54,10,0,29,13,8,2,51,0,1
42,151,64,167,2,1,3,2,1,1,1,2,1,2,4,3,2.0,4,1,0,11,18,10,32,22,18,36,26,60,27,35,8,0,22,15,1,2,51,0,1
49,155,64,167,2,1,3,2,1,1,1,2,1,2,4,3,9.0,4,1,0,6,18,8,25,24,18,36,89,60,44,64,0,0,22,4,1,2,51,0,1
43,162,63,62,2,1,3,2,1,1,3,2,1,2,4,3,2.0,4,0,0,6,20,18,28,14,7,14,0,53,57,84,0,0,22,18,1,2,0,0,0
44,162,63,63,2,1,3,2,1,1,1,2,1,1,4,3,2.0,4,0,0,6,20,6,28,14,7,17,0,55,57,84,0,0,22,21,1,2,0,0,0
49,156,63,63,1,1,3,2,1,1,3,2,1,1,4,3,9.0,4,3,0,28,19,12,54,38,3,8,0,51,49,99,0,0,22,12,1,2,0,0,1
49,159,63,63,2,1,3,2,1,1,3,2,1,1,4,3,2.0,4,3,1,28,19,3,16,24,4,16,76,51,49,73,0,0,22,18,1,4,34,0,1
46,318,5,79,2,1,3,1,1,1,1,2,1,2,3,7,2.0,4,1,0,3,15,3,37,28,18,36,0,76,57,84,11,0,22,12,3,2,74,0,1
46,360,5,79,2,1,3,1,1,1,1,2,1,2,3,7,9.0,4,1,0,3,15,12,39,36,18,36,0,76,56,84,8,0,29,20,3,2,74,0,1
48,254,58,160,3,1,3,2,1,2,3,2,3,2,1,0,7.0,2,3,0,11,15,3,23,14,11,22,87,35,31,92,0,0,29,10,8,6,0,0,1
48,253,58,160,3,1,3,2,1,2,3,2,3,2,1,0,2.0,3,3,0,8,15,8,10,19,11,24,0,35,57,84,0,0,29,6,8,2,0,0,1
47,323,61,11,3,1,3,2,1,2,3,2,1,2,3,4,7.0,4,3,0,15,15,3,45,19,11,7,75,48,41,89,8,0,24,12,8,2,0,0,1
51,79,23,226,3,1,3,2,1,2,3,2,1,1,1,0,7.0,2,6,0,11,19,12,26,14,11,29,25,12,40,12,0,0,29,12,0,2,36,0,1
51,167,23,226,3,1,3,2,1,2,3,2,1,1,1,0,2.0,2,6,0,11,19,6,20,11,11,24,22,12,28,39,0,0,29,6,0,2,36,0,1
50,200,59,73,2,1,3,2,1,1,1,2,1,1,4,2,2.0,3,1,1,11,19,8,16,34,11,12,0,55,57,84,0,0,29,13,3,4,17,0,1
50,347,48,48,2,1,3,2,1,1,1,2,1,1,3,4,7.0,4,0,0,3,19,6,39,12,11,7,95,55,35,76,11,0,20,10,5,2,36,0,1
51,320,63,63,2,1,3,2,1,1,1,2,1,2,3,5,9.0,4,0,0,3,19,18,11,14,14,12,0,55,57,84,0,0,20,12,1,2,0,0,1
50,310,48,48,2,1,3,2,1,1,1,2,1,2,3,4,2.0,4,0,0,3,19,12,53,15,11,7,47,55,9,47,0,0,22,12,5,2,36,0,1
51,283,63,63,2,1,3,2,1,1,1,2,1,2,3,5,2.0,4,0,0,3,19,2,24,14,14,12,0,55,57,84,0,0,9,6,1,2,36,0,1
52,204,59,73,2,1,3,2,1,1,1,2,1,2,4,3,9.0,3,1,0,11,19,2,58,34,7,8,110,49,29,71,0,0,29,13,3,2,36,0,1
50,205,59,73,2,1,3,2,1,1,1,2,1,2,4,2,9.0,3,1,0,11,19,14,28,0,11,15,56,55,49,81,0,0,25,12,3,2,36,0,1
54,46,23,226,3,1,3,2,1,2,3,2,1,2,2,1,1.0,2,0,0,11,21,10,35,22,11,36,15,7,43,15,0,0,18,12,0,2,0,0,1
54,64,23,226,3,1,3,2,1,2,3,2,1,2,2,1,5.0,2,0,1,11,21,6,41,8,11,36,15,7,43,15,0,0,22,5,0,4,17,0,1
53,393,45,45,3,1,3,2,1,2,3,2,1,1,3,7,2.0,4,0,0,11,21,12,27,29,18,12,44,27,19,24,0,0,26,13,8,2,0,0,1
53,269,45,45,3,1,3,2,1,2,3,2,1,1,3,7,10.0,4,1,0,3,21,14,25,27,18,12,12,27,37,34,0,3,23,16,8,2,0,0,1
55,332,5,79,2,1,3,2,1,1,1,2,1,2,3,7,2.0,4,1,0,20,22,14,33,28,18,12,52,76,18,15,0,0,29,13,3,4,68,0,1
55,267,5,79,2,1,3,2,1,1,1,2,1,2,3,7,10.0,4,1,0,20,22,20,19,22,18,12,10,76,31,46,0,0,22,13,3,4,68,0,1
59,227,27,231,3,1,3,2,1,2,3,2,3,0,4,2,1.0,3,3,1,13,14,14,28,28,11,10,55,27,40,100,0,0,29,12,4,0,41,0,0
60,287,61,12,3,1,3,2,1,2,3,2,1,1,3,4,7.0,4,3,1,20,16,12,32,14,10,7,15,48,25,60,10,0,22,10,4,0,0,0,1
60,271,61,12,3,1,3,2,1,2,3,2,1,1,3,4,2.0,4,3,1,20,16,8,37,25,11,7,121,48,22,84,0,0,24,6,4,0,0,0,1
58,353,5,225,2,1,3,2,1,2,1,2,1,2,3,5,2.0,4,0,0,8,20,19,34,24,14,12,7,76,27,63,0,0,11,8,1,6,68,0,1
58,346,5,225,2,1,3,2,1,2,1,2,1,2,3,5,9.0,4,0,0,11,20,10,44,26,11,12,0,76,57,84,0,0,15,10,1,6,68,0,1
57,43,20,57,3,1,3,2,1,2,3,2,1,2,2,1,1.0,2,3,1,8,19,10,28,14,22,36,6,82,24,74,0,0,22,10,11,0,0,0,1
57,169,20,57,3,1,3,2,1,2,3,2,1,2,2,1,5.0,2,3,0,10,19,10,28,14,22,36,27,20,19,61,8,0,22,13,11,6,68,0,1
56,142,6,41,3,1,3,2,1,2,3,2,1,1,1,0,7.0,2,1,0,17,20,12,16,14,10,31,107,27,51,22,11,0,29,10,8,6,68,0,1
56,139,6,41,3,1,3,2,1,2,3,2,1,2,1,0,2.0,2,1,0,17,20,16,16,24,22,31,122,27,23,78,0,0,29,5,8,6,68,0,1
66,216,59,74,2,1,3,2,1,1,1,2,1,2,4,2,1.0,3,1,0,6,36,14,32,16,18,18,0,63,75,26,0,0,22,13,1,4,67,1,0
66,216,59,74,2,1,3,2,1,1,1,2,1,1,4,2,1.0,3,1,0,6,21,8,28,14,18,15,0,73,75,26,0,0,22,13,1,4,68,1,0
65,119,19,91,2,2,3,2,1,1,1,2,1,1,4,3,2.0,4,1,3,28,11,20,41,16,7,14,0,33,57,84,0,0,22,21,1,7,81,3,0
63,217,59,74,2,1,3,2,1,1,1,2,1,1,4,2,1.0,3,1,0,8,25,3,35,17,11,10,0,48,75,26,0,0,26,13,1,4,0,1,0
61,34,49,240,3,1,3,2,1,2,3,2,1,1,1,0,7.0,2,3,1,21,15,6,23,14,11,24,36,31,12,61,8,0,22,13,8,4,0,0,1
61,39,49,242,3,1,3,2,1,2,3,2,1,1,4,3,2.0,2,3,0,21,15,8,27,32,5,14,8,35,28,57,13,0,29,18,8,4,17,0,1
61,61,49,240,3,1,3,2,1,2,3,2,1,1,1,0,2.0,2,3,0,21,15,10,23,5,11,20,52,31,18,15,0,0,22,13,8,4,17,0,1
61,82,49,242,3,1,3,3,1,2,3,2,1,1,4,3,9.0,2,3,0,24,15,8,28,30,3,10,10,35,31,46,8,0,22,6,8,4,17,0,1
62,166,49,242,3,1,3,2,1,2,3,2,1,2,2,1,5.0,2,3,1,18,12,14,4,14,22,36,29,27,25,32,0,0,22,5,8,2,27,0,1
62,172,49,242,3,1,3,2,1,2,3,2,1,2,2,1,1.0,2,3,1,24,12,14,1,12,22,36,0,27,57,84,0,0,26,10,8,2,27,0,1
62,235,49,242,3,1,3,2,1,1,1,2,1,2,2,1,10.0,2,3,1,18,12,6,35,18,22,36,0,27,70,52,0,0,22,13,8,2,27,0,1
62,239,49,242,3,1,3,2,1,1,1,2,1,2,2,1,9.0,2,3,0,18,12,3,16,15,22,36,0,27,70,52,0,0,22,8,8,4,62,0,1
64,82,49,242,3,1,3,2,1,2,3,2,1,2,4,3,9.0,2,3,0,24,25,8,23,24,3,19,37,51,23,24,0,0,28,8,8,4,17,0,1
64,39,49,242,3,1,3,2,1,2,3,2,1,2,4,3,2.0,2,3,0,21,25,8,16,20,5,12,8,51,28,57,13,0,23,15,8,4,17,0,1
67,216,59,74,2,1,3,2,1,1,1,2,1,1,4,2,1.0,3,1,0,8,14,8,16,26,10,12,0,60,75,26,3,0,22,12,1,4,68,1,0
70,109,44,151,2,1,3,2,1,2,1,2,1,1,4,2,1.0,4,3,0,18,15,1,16,24,10,14,108,55,63,10,0,0,22,12,5,4,66,1,0
70,109,44,151,2,1,3,2,1,2,1,2,1,2,4,2,1.0,4,3,0,18,13,14,23,20,7,12,108,55,63,10,0,0,22,13,5,4,66,1,0
71,357,61,14,3,1,3,2,1,2,3,2,1,1,3,4,7.0,4,3,0,18,15,8,54,33,18,4,9,31,29,52,2,0,22,15,4,4,66,1,0
70,93,44,151,2,1,3,2,1,2,3,2,1,2,4,3,2.0,4,6,1,18,15,3,54,22,3,14,120,51,30,57,0,0,29,12,5,4,78,1,0
69,306,60,93,2,1,2,2,1,1,1,2,1,2,3,5,2.0,4,1,0,10,13,3,41,14,14,17,0,57,76,15,8,0,11,13,1,4,66,1,1
69,302,60,93,2,1,2,2,1,1,1,2,1,1,3,5,9.0,4,1,0,10,13,3,28,20,16,12,78,57,64,40,0,0,22,13,1,4,66,1,1
68,319,63,156,2,1,3,2,1,1,1,2,1,1,3,6,9.0,4,6,1,6,13,6,23,20,11,2,0,65,70,52,11,0,24,16,3,4,27,1,1
68,291,63,156,2,1,3,2,1,1,1,2,1,1,3,6,2.0,4,6,1,6,13,10,23,18,11,2,0,65,70,52,11,0,15,16,3,4,27,1,1
68,218,59,74,2,1,3,2,1,1,1,2,1,2,4,2,9.0,3,1,0,3,13,6,28,32,11,17,106,82,52,24,0,0,26,10,1,4,0,1,1
68,381,61,13,3,1,3,1,1,2,3,2,1,1,3,4,2.0,4,3,1,13,14,16,23,32,10,7,79,55,6,0,0,0,22,8,8,4,78,1,1
67,61,49,242,3,1,3,2,1,2,3,2,1,2,2,1,1.0,2,3,1,21,13,14,16,20,18,36,90,27,44,63,0,0,22,8,8,4,78,1,1
67,34,49,242,3,1,3,2,1,2,3,2,1,2,2,1,5.0,2,3,1,21,13,15,41,16,18,36,34,27,8,75,0,2,17,8,8,4,78,1,1
74,122,44,151,2,1,3,2,1,2,3,2,1,1,4,3,9.0,4,3,1,13,17,10,32,20,11,12,45,35,21,17,0,0,22,10,5,4,56,0,0
75,185,13,230,3,1,3,2,1,2,3,2,1,2,1,0,7.0,2,3,1,10,17,12,53,24,10,20,0,35,40,108,10,0,29,13,4,4,38,0,1
75,120,44,151,2,1,3,2,1,2,3,2,1,2,4,2,9.0,4,6,1,13,18,10,28,16,11,7,68,20,13,11,0,0,22,10,5,4,56,0,0
72,125,44,151,2,1,3,2,1,2,3,2,1,2,4,2,2.0,4,6,1,13,23,12,16,29,11,10,41,45,20,29,0,0,22,5,5,4,56,0,0
69,93,44,151,2,1,3,2,1,2,3,2,1,2,4,3,2.0,4,6,0,18,13,6,58,20,3,6,6,27,63,5,0,0,29,12,5,4,66,1,0
73,385,10,235,2,1,3,2,1,1,1,2,1,2,3,4,7.0,4,1,1,3,17,12,49,24,10,20,0,45,54,90,3,0,22,4,5,4,38,0,0
75,184,13,230,3,1,3,2,1,2,3,2,1,1,1,0,2.0,2,3,0,10,17,6,58,14,10,24,0,35,57,84,0,0,29,8,4,4,11,0,1
77,329,61,15,3,1,3,2,1,2,3,2,1,2,3,4,7.0,4,3,1,13,19,10,16,9,10,7,39,20,8,68,11,0,22,13,4,4,55,0,0
79,224,57,236,3,1,3,2,1,2,3,2,3,2,1,0,7.0,2,6,1,21,11,12,66,24,10,29,23,10,28,39,8,0,24,13,7,4,55,0,1
79,226,57,236,3,1,3,2,1,2,3,2,3,2,1,0,2.0,2,6,1,21,11,12,66,14,10,29,52,10,18,15,0,0,24,8,7,4,55,0,1
77,211,59,66,2,1,3,2,1,1,3,2,1,2,4,3,9.0,3,3,1,6,15,10,16,18,3,10,0,78,57,84,0,0,22,8,1,4,55,0,1
77,200,59,66,2,1,3,2,1,1,3,2,1,2,4,3,2.0,3,3,1,8,15,10,4,18,3,7,0,78,57,84,8,0,22,5,1,4,55,0,1
76,342,5,80,2,1,3,2,1,1,1,2,1,1,3,6,2.0,4,1,1,3,18,12,16,29,11,12,33,70,24,28,0,0,16,21,3,4,49,0,1
76,335,5,80,2,1,3,2,1,1,1,2,1,1,3,6,9.0,4,1,1,3,18,10,28,24,11,12,33,70,24,28,0,0,22,13,3,4,49,0,1
78,330,60,94,2,1,2,2,1,1,1,2,1,2,3,5,2.0,4,1,1,3,19,12,47,24,14,12,0,58,63,74,10,0,22,16,1,4,55,0,1
78,363,60,94,2,1,2,2,1,1,1,2,1,2,3,5,9.0,4,1,1,3,19,20,27,16,21,12,78,58,64,39,4,0,22,16,1,4,55,0,1
81,102,66,101,2,1,3,2,1,1,1,2,1,2,4,3,9.0,4,0,0,6,8,14,4,19,11,36,0,55,70,52,0,0,22,15,1,4,0,0,0
84,284,61,16,3,1,3,2,1,2,3,2,1,2,3,4,7.0,4,3,0,17,8,8,28,15,11,10,103,20,35,69,0,0,22,13,4,4,80,0,0
85,288,44,148,3,1,3,2,1,2,3,2,1,1,3,7,2.0,4,3,0,24,8,3,41,22,11,12,21,58,14,88,0,0,15,13,8,4,0,0,0
83,302,44,148,3,1,3,2,1,2,3,2,1,1,3,7,9.0,4,3,0,24,7,6,56,0,20,7,45,68,20,19,0,0,22,13,8,4,0,0,1
83,288,44,148,3,1,3,2,1,2,3,2,1,1,3,7,2.0,4,3,0,24,7,3,54,24,18,4,33,68,24,28,3,0,22,13,8,4,0,0,1
85,108,5,81,2,1,3,2,1,1,1,2,1,2,4,2,9.0,4,1,0,7,8,3,41,20,17,36,0,61,70,52,8,0,28,16,3,4,73,0,0
80,100,64,146,1,2,3,2,1,1,1,2,1,2,4,2,2.0,4,1,3,28,7,20,44,17,10,12,0,55,68,57,0,0,26,13,1,7,81,3,0
81,102,65,101,2,1,3,2,1,1,1,2,1,2,4,3,9.0,4,0,0,6,8,14,4,19,11,36,0,55,70,52,0,0,22,15,1,4,0,0,0
82,94,65,101,2,1,3,2,1,1,1,2,1,2,4,3,9.0,4,0,0,6,7,10,40,22,5,14,0,60,70,52,0,0,11,12,1,4,2,0,0
83,127,5,81,2,1,3,2,1,1,1,2,1,1,4,2,2.0,4,1,0,8,8,6,35,29,11,7,84,55,54,50,0,0,22,13,3,4,73,0,0
85,114,5,81,2,1,3,2,1,1,1,2,1,2,4,2,2.0,4,1,0,8,8,8,55,22,17,36,2,61,55,79,8,0,21,10,3,4,73,0,0
88,267,61,21,3,1,3,2,1,2,3,2,1,2,3,4,7.0,4,3,0,15,8,8,54,16,10,12,30,27,18,57,0,0,22,13,4,4,73,0,0
92,299,61,22,3,1,3,2,1,2,3,2,1,1,3,4,7.0,4,3,1,15,7,3,54,17,6,2,50,45,14,30,8,0,22,13,4,4,0,0,0
89,234,49,243,3,1,3,2,1,2,3,2,1,2,1,0,2.0,2,1,0,8,8,3,10,20,11,30,82,38,42,78,0,0,29,13,8,4,73,0,1
86,124,37,90,2,1,3,2,1,2,1,2,1,2,4,3,9.0,4,3,0,8,8,8,48,23,4,17,1,76,61,74,1,0,23,15,5,4,73,0,1
90,124,37,90,2,1,3,2,1,2,1,2,1,1,4,3,9.0,4,3,0,8,16,6,28,14,3,6,1,0,61,74,0,0,29,13,5,4,0,0,0
89,101,65,102,2,1,3,2,1,1,1,2,1,1,4,2,1.0,4,1,0,5,8,3,4,24,11,10,0,20,70,52,0,0,0,1,1,4,0,0,0
86,91,37,90,2,1,3,2,1,2,1,2,1,2,4,3,2.0,4,3,0,8,8,6,37,25,7,16,0,76,70,52,13,0,32,12,5,4,73,0,1
88,117,37,90,2,1,3,2,1,2,1,2,1,2,4,3,7.0,4,3,0,7,8,3,39,24,7,14,0,76,70,52,13,0,22,12,5,4,73,0,1
86,192,59,75,2,1,3,2,1,1,1,2,1,2,3,6,2.0,3,1,0,11,7,8,27,19,18,7,10,32,31,47,0,0,22,13,1,4,2,0,1
86,191,59,75,2,1,3,2,1,1,1,2,1,2,3,6,9.0,3,1,0,11,7,3,16,24,22,2,105,82,40,57,0,0,32,32,1,4,2,0,1
88,266,44,149,2,1,3,2,1,2,1,2,1,1,3,7,2.0,4,3,0,11,8,3,41,24,11,12,73,63,27,109,0,0,22,18,5,4,18,0,1
88,331,44,149,2,1,3,2,1,2,1,2,1,1,3,7,9.0,4,3,0,15,8,3,35,16,11,12,86,63,26,102,0,0,22,18,5,4,73,0,1
87,75,49,243,3,1,3,2,1,2,3,2,1,1,1,0,7.0,2,3,0,8,10,6,11,34,11,24,0,9,70,52,0,0,29,8,8,4,73,0,0
91,75,49,243,3,1,3,2,1,2,3,2,1,1,1,0,7.0,2,3,0,8,7,3,28,9,11,31,0,31,70,52,0,0,22,13,8,4,73,0,0
95,371,10,59,3,1,3,2,1,2,3,2,1,1,3,4,7.0,4,3,0,15,8,8,16,18,10,2,55,45,46,87,0,0,29,13,6,4,75,0,0
92,112,65,102,2,1,3,2,1,1,1,2,1,2,4,2,9.0,4,1,0,15,12,3,45,18,11,10,12,55,36,36,0,0,22,18,1,4,0,0,0
93,106,65,102,2,1,3,2,1,1,1,2,1,2,4,2,2.0,4,1,0,15,12,8,41,36,11,17,0,45,77,10,3,0,23,16,1,4,0,0,0
100,249,60,95,2,1,2,2,1,1,1,2,1,2,4,3,1.0,3,1,0,5,12,8,44,32,4,10,0,62,70,52,0,0,21,10,1,4,0,0,1
100,250,60,95,2,1,2,2,1,1,1,2,1,2,4,3,2.0,3,1,0,5,12,3,62,23,4,11,0,62,54,90,13,0,22,17,1,4,0,0,1
96,111,41,97,2,1,3,2,1,2,1,2,1,2,4,3,2.0,4,3,0,26,8,10,59,22,7,10,31,59,19,52,13,0,29,12,3,4,0,0,1
96,98,41,97,2,1,3,2,1,2,1,2,1,2,4,3,9.0,4,3,0,26,8,6,41,21,15,10,38,59,15,53,10,0,12,6,3,4,0,0,1
100,252,60,95,2,1,2,2,1,1,1,2,1,2,4,3,9.0,3,1,0,8,12,3,50,22,14,6,0,62,57,84,0,0,15,10,1,4,0,0,1
94,115,65,102,2,1,3,2,1,1,1,2,1,2,4,2,2.0,4,1,0,5,10,6,16,38,10,7,0,45,76,15,0,0,17,13,1,4,0,0,0
99,251,60,51,2,1,2,2,1,1,1,2,1,1,4,2,1.0,3,1,1,8,12,8,28,32,7,16,0,35,70,52,0,0,0,1,1,4,0,0,0
97,234,49,243,3,1,3,2,1,2,3,2,1,2,1,0,2.0,2,3,1,8,11,10,28,14,11,29,0,45,38,110,0,0,22,13,8,4,0,0,0
98,75,49,243,3,1,3,2,1,2,3,2,1,1,1,0,7.0,2,3,1,8,15,6,16,14,11,24,0,45,64,73,0,0,22,13,8,4,0,0,0
92,359,61,17,3,1,3,2,1,2,3,2,1,1,3,4,2.0,4,3,1,11,6,3,28,22,11,2,32,45,20,47,0,0,22,13,4,4,0,0,1
93,187,59,76,2,1,3,2,1,2,1,2,1,2,3,6,2.0,3,3,0,11,7,3,16,19,18,2,16,45,27,54,15,0,22,13,5,4,0,0,1
93,188,59,76,2,1,3,2,1,2,1,2,1,2,3,6,9.0,3,3,1,11,7,12,16,19,18,2,0,45,58,83,15,0,29,24,5,4,0,0,1
91,362,44,150,2,1,1,2,1,2,1,2,1,2,3,7,2.0,4,4,0,11,6,12,39,22,18,20,0,71,70,52,11,0,22,20,5,4,0,0,1
91,360,44,150,2,1,1,2,1,2,1,2,1,2,3,7,9.0,4,4,0,11,6,3,24,18,18,14,65,71,18,7,11,0,22,15,5,4,73,0,1
101,258,61,18,3,1,3,2,1,2,3,2,1,2,3,4,7.0,4,3,0,11,7,15,26,16,10,2,0,45,57,84,0,0,22,12,4,4,27,0,1
101,124,46,162,3,1,3,2,1,2,3,2,1,2,4,2,9.0,4,6,0,15,7,8,41,32,11,15,18,31,29,42,0,0,22,13,6,4,27,0,1
101,106,46,162,3,1,3,2,1,2,3,2,1,1,4,2,2.0,4,6,0,15,7,10,54,32,11,12,0,27,70,3,13,0,23,13,6,4,27,0,0
101,106,46,162,3,1,3,2,1,2,2,2,1,2,4,2,2.0,4,6,0,15,7,6,28,34,18,17,0,31,43,104,0,0,22,13,6,4,0,0,0
101,259,61,18,3,1,3,2,1,2,3,2,1,2,3,4,2.0,4,3,3,15,7,14,35,17,10,2,78,45,64,40,0,0,22,12,4,4,27,0,1
102,240,6,233,3,1,3,1,1,2,2,2,1,2,4,2,2.0,2,3,0,11,8,10,62,28,10,15,123,3,81,116,0,0,22,5,8,4,27,0,0
103,316,25,86,2,1,3,2,1,1,3,2,1,1,3,5,2.0,4,1,0,11,7,10,28,14,14,20,0,20,57,84,10,0,15,13,1,4,0,0,0
103,248,58,103,3,1,3,2,1,2,3,2,1,2,4,3,9.0,3,3,0,8,7,3,3,28,7,14,0,42,70,52,0,0,22,12,8,4,0,0,1
103,294,30,1,3,1,3,2,1,2,3,2,1,2,3,4,7.0,4,0,0,8,7,12,35,8,10,2,10,24,31,47,0,0,15,6,8,4,27,0,1
103,377,30,1,3,1,3,2,1,2,3,2,1,2,3,4,2.0,4,0,0,8,7,12,41,22,10,2,0,24,70,52,0,0,22,13,8,4,27,0,1
103,168,2,37,2,1,3,2,1,2,1,2,1,1,1,0,2.0,2,3,0,4,7,6,41,14,10,25,0,7,64,73,0,0,29,13,4,4,0,0,1
103,68,2,37,2,1,3,2,1,2,1,2,1,1,1,0,7.0,2,3,0,4,7,6,41,14,10,27,0,7,73,39,0,0,29,13,4,4,0,0,1
110,314,61,20,3,1,3,2,1,2,3,2,1,2,3,4,7.0,4,3,0,25,15,2,49,17,16,2,49,45,18,21,0,0,22,10,4,4,50,0,0
111,128,6,234,3,1,3,2,1,2,3,2,1,2,4,2,9.0,2,1,1,11,25,10,41,32,11,15,0,20,49,99,0,0,28,15,8,4,14,0,0
103,255,58,103,3,1,3,2,1,2,2,2,1,1,4,3,2.0,3,3,0,9,7,8,23,22,18,10,0,45,67,59,0,0,22,24,8,4,0,0,0
105,141,6,234,3,1,3,2,1,2,2,2,1,1,4,2,2.0,2,1,0,11,5,10,41,33,10,4,0,5,63,74,3,0,22,13,8,4,29,0,0
106,132,6,234,3,1,3,2,1,2,2,2,1,1,4,2,2.0,2,1,0,11,7,8,16,33,11,8,0,15,57,84,3,0,22,13,8,4,14,0,0
108,44,22,115,3,1,3,2,1,2,3,2,1,1,4,2,9.0,2,3,0,8,19,10,26,31,22,11,0,1,57,84,0,0,28,13,8,4,29,0,0
106,136,6,234,3,1,3,2,1,2,3,2,1,1,4,2,9.0,2,1,0,11,7,14,41,27,10,12,0,53,57,84,0,0,22,13,8,4,29,0,0
108,33,34,44,3,1,3,2,1,2,3,2,1,1,1,0,2.0,2,3,0,11,6,8,7,14,11,29,0,35,64,73,0,0,29,10,6,4,58,0,1
108,36,34,44,3,1,3,2,1,2,3,2,1,1,1,0,7.0,2,3,0,11,6,8,7,14,11,29,0,35,73,39,0,0,29,8,6,4,58,0,1
103,248,58,103,3,1,3,2,1,2,3,2,1,1,4,3,9.0,3,3,3,6,7,3,35,24,18,8,0,45,70,52,10,0,22,24,8,4,0,0,1
110,388,61,20,3,1,3,2,1,2,3,2,1,2,3,4,2.0,4,3,0,24,15,3,31,19,10,2,52,45,18,16,0,0,24,6,4,4,50,0,1
106,380,61,19,3,1,3,2,1,2,3,2,1,2,3,4,7.0,4,3,0,18,5,10,31,13,10,2,54,15,7,41,0,0,22,12,4,4,29,0,1
112,8,49,254,3,1,3,2,1,2,3,2,1,2,4,2,2.0,2,3,1,22,17,16,28,22,11,10,92,11,57,32,11,0,22,10,8,4,14,0,0
104,210,59,77,2,1,3,2,1,1,1,2,1,2,4,3,2.0,3,1,0,7,7,3,41,14,5,10,0,76,57,84,10,0,29,10,1,4,29,0,0
108,62,22,115,3,1,3,2,1,2,3,2,1,2,4,2,2.0,2,3,0,8,19,8,64,21,10,14,94,1,47,52,0,0,29,16,8,4,29,0,0
106,198,59,77,2,1,3,2,1,1,1,2,1,2,4,3,9.0,3,1,0,7,5,3,16,24,3,6,0,76,57,84,8,0,22,10,1,4,29,0,1
109,208,59,77,2,1,3,2,1,1,1,2,1,2,4,3,2.0,3,1,0,7,15,20,35,39,10,8,0,73,70,52,3,0,23,6,1,4,29,0,1
107,218,59,77,2,1,3,2,1,1,1,2,1,2,4,3,2.0,3,1,0,7,6,20,28,24,7,12,0,75,57,84,16,0,22,8,1,4,29,0,1
105,321,5,82,2,1,3,2,1,1,1,2,1,2,3,6,9.0,4,1,0,15,5,10,28,16,11,12,0,66,57,84,15,0,9,13,3,4,29,0,1
105,298,5,82,2,1,3,2,1,1,1,2,1,2,3,6,2.0,4,1,0,15,5,6,28,32,11,12,0,66,57,84,15,0,29,13,3,4,29,0,1
107,295,25,87,2,1,3,2,1,1,1,2,1,2,3,7,2.0,4,1,3,11,6,3,44,18,18,12,0,45,70,52,3,0,22,16,1,4,29,0,1
107,262,25,87,2,1,3,2,1,1,1,2,1,2,3,7,9.0,4,1,0,15,6,3,38,24,18,23,0,45,70,52,3,0,22,21,1,4,29,0,1
109,374,25,88,2,1,3,2,1,1,1,2,1,2,3,5,2.0,4,1,0,3,6,12,35,18,14,12,58,51,53,70,12,0,14,18,1,4,54,0,1
109,69,22,115,3,1,3,2,1,2,3,2,1,2,4,2,2.0,2,3,0,8,6,8,35,20,11,10,78,42,64,39,11,0,29,13,8,4,58,0,1
112,334,61,23,3,1,3,2,1,2,3,2,1,2,3,4,2.0,4,3,1,16,17,8,41,22,11,12,29,4,25,115,0,0,29,12,4,4,14,0,0
216,131,16,172,3,1,3,2,1,2,3,2,1,1,1,0,7.0,2,0,1,11,27,6,28,20,11,29,0,20,57,84,0,0,29,16,6,4,15,0,0
217,333,25,111,2,1,3,2,1,1,1,2,1,1,3,5,2.0,4,0,3,8,23,3,54,19,1,12,0,51,57,84,0,0,23,20,1,4,15,0,0
221,130,16,172,3,1,3,2,1,2,3,2,1,2,1,0,7.0,2,0,0,21,25,6,28,24,11,32,30,8,18,57,0,0,29,13,6,4,28,0,1
204,242,1,6,2,1,3,2,1,2,1,2,1,2,4,3,9.0,2,0,1,13,30,3,16,24,7,9,18,37,29,42,10,0,29,12,4,4,11,0,1
212,400,44,199,2,1,3,2,1,2,1,2,1,1,4,3,2.0,4,0,0,8,23,3,35,28,5,7,115,55,33,58,13,0,29,15,5,4,11,0,1
212,398,44,199,2,1,3,2,1,2,1,2,1,2,4,3,9.0,4,0,0,8,23,8,28,24,2,36,74,55,37,98,0,0,22,13,5,4,11,0,1
204,169,1,6,2,1,3,2,1,2,1,2,1,2,4,3,2.0,2,0,1,13,30,3,38,31,3,36,90,37,44,64,10,0,29,11,4,4,11,0,1
206,200,59,261,2,1,3,2,1,1,1,2,1,2,4,3,9.0,3,0,0,8,27,3,12,35,5,14,90,71,44,64,8,0,22,13,3,4,0,0,1
206,214,59,261,2,1,3,2,1,1,1,2,1,2,4,3,2.0,3,0,0,8,27,3,27,24,7,10,76,72,49,73,8,0,22,6,3,4,0,0,1
208,354,5,184,2,1,3,2,1,1,1,2,1,2,3,4,2.0,4,0,1,11,23,3,28,19,10,2,10,58,31,46,0,0,22,8,3,4,11,0,1
208,383,5,184,2,1,3,2,1,1,1,2,1,2,3,4,7.0,4,0,1,11,23,3,28,16,10,7,10,58,31,46,13,0,22,10,3,4,11,0,1
205,287,61,33,3,1,3,2,1,2,3,2,1,2,3,4,7.0,4,0,0,9,23,6,41,22,7,7,0,45,57,84,13,0,22,13,4,4,11,0,1
231,49,9,221,2,1,3,2,1,2,1,2,1,2,1,0,2.0,2,0,0,2,6,8,57,24,11,29,76,19,49,73,0,0,29,13,5,4,11,0,1
231,40,9,221,2,1,3,2,1,2,1,2,1,2,1,0,7.0,2,0,1,6,6,8,52,22,11,29,105,19,40,56,0,0,29,13,5,4,34,0,1
221,135,16,172,3,1,3,2,1,2,3,2,1,2,1,0,2.0,2,0,0,21,25,3,28,24,11,29,9,8,17,95,0,0,29,13,6,4,30,0,1
214,78,1,6,2,1,3,2,1,2,1,2,1,2,1,0,2.0,2,0,0,8,25,3,28,24,10,29,0,11,57,84,0,0,29,6,4,4,9,0,1
214,58,1,6,1,1,3,2,1,2,1,2,1,2,1,0,7.0,2,0,0,28,25,3,28,24,10,29,97,11,41,61,14,0,29,15,4,4,9,0,1
218,202,58,117,3,1,3,2,1,2,3,2,1,2,1,0,2.0,3,0,0,11,23,3,54,16,11,36,74,17,37,98,0,0,29,13,4,4,0,0,1
222,340,60,137,2,1,2,2,1,1,1,2,1,1,3,5,2.0,4,0,0,8,27,10,44,26,13,12,91,45,49,52,5,0,2,5,1,4,30,0,1
222,304,60,137,2,1,2,2,1,1,1,2,1,1,3,5,9.0,4,0,1,8,27,6,44,22,9,7,89,45,42,70,0,0,10,21,1,4,16,0,1
209,289,64,206,2,1,3,2,1,1,1,2,1,2,3,5,9.0,4,0,0,11,22,6,28,32,9,12,9,51,29,52,0,0,22,23,1,4,0,0,1
219,345,64,208,2,1,3,2,1,1,1,2,1,2,3,5,2.0,4,0,1,8,24,10,48,29,14,12,0,51,57,84,5,0,15,10,1,4,76,0,1
210,373,55,128,2,1,3,2,1,1,1,2,1,2,3,7,2.0,4,0,0,6,24,3,44,26,22,10,0,78,57,84,0,0,22,18,1,4,0,0,1
210,357,55,128,2,1,3,2,1,1,1,2,1,2,3,7,9.0,4,0,0,6,24,3,44,28,22,12,0,78,42,106,0,0,22,15,1,4,0,0,1
234,256,31,174,2,1,3,2,1,1,1,2,1,2,4,3,2.0,3,0,1,10,12,3,45,22,11,12,0,58,46,101,0,0,22,16,3,4,47,0,0
215,241,4,239,3,1,3,2,1,2,3,2,1,1,4,2,2.0,2,0,0,8,33,3,26,34,18,12,0,14,57,84,0,0,22,13,8,4,12,0,0
213,400,44,199,2,1,3,2,1,2,1,2,1,2,4,3,2.0,4,0,0,8,25,3,28,29,18,7,99,58,39,66,0,0,22,16,5,4,12,0,0
227,221,33,237,3,1,3,2,1,2,3,2,1,2,4,3,2.0,2,0,1,15,30,20,41,24,7,10,24,24,24,52,0,0,22,21,4,4,29,0,0
226,236,33,237,3,1,3,2,1,2,3,2,1,1,4,3,9.0,2,0,0,15,25,8,41,22,7,10,83,22,34,91,0,0,22,21,4,4,26,0,0
223,104,5,185,2,1,3,2,1,1,1,2,1,2,4,2,2.0,4,0,0,8,28,6,39,24,11,12,10,55,31,47,0,0,29,13,3,4,45,0,0
211,225,64,207,2,1,3,2,1,1,1,2,1,2,4,2,9.0,2,0,0,8,25,3,23,29,18,17,0,4,57,84,9,0,9,13,1,4,0,0,0
206,75,9,219,2,1,3,2,1,2,1,2,1,2,4,2,2.0,2,0,0,8,34,3,23,20,10,4,0,4,57,84,3,0,22,13,5,4,0,0,0
209,89,64,207,2,1,3,2,1,1,1,2,1,1,4,2,2.0,2,0,0,11,26,3,16,41,11,12,0,27,57,84,8,0,21,12,1,4,0,0,0
209,144,9,220,2,1,3,2,1,2,1,2,1,1,4,3,9.0,2,0,0,18,26,9,63,22,18,10,0,20,57,84,10,0,22,8,5,4,0,0,0
233,257,31,174,2,1,3,2,1,1,1,2,1,2,4,3,9.0,3,0,1,10,17,3,41,26,11,12,0,60,57,84,0,0,22,13,3,4,47,0,0
235,146,16,50,3,1,3,2,1,2,2,2,1,1,4,3,2.0,2,0,1,15,12,3,28,24,10,10,0,42,59,82,0,0,4,13,6,4,63,0,0
238,149,49,249,3,1,3,2,1,2,3,2,1,2,4,3,2.0,2,0,0,28,9,3,20,22,3,14,0,31,49,99,10,0,22,29,8,4,0,0,0
237,149,49,249,2,1,3,2,1,2,3,2,1,2,4,3,2.0,2,0,1,28,8,3,32,22,11,14,109,20,27,80,8,0,24,23,8,4,27,0,0
236,149,49,249,3,1,3,2,1,2,3,2,1,2,4,3,2.0,2,0,1,18,9,3,28,14,10,10,109,35,27,80,0,0,22,24,8,4,0,0,0
230,116,60,138,2,1,2,2,1,1,1,2,1,2,4,3,2.0,2,0,0,8,3,20,49,29,10,12,81,51,35,95,0,0,29,13,1,4,12,0,0
229,116,60,138,2,1,2,2,1,1,1,2,1,0,4,3,2.0,4,0,0,8,5,20,38,29,4,9,81,57,35,95,3,0,22,21,1,4,12,0,0
228,121,60,138,2,1,2,2,1,1,1,2,1,2,4,3,2.0,4,0,1,8,5,10,27,19,10,10,81,55,35,95,11,0,22,21,1,4,59,0,0
232,361,61,35,3,1,3,2,1,2,3,2,1,2,3,4,7.0,4,0,1,8,12,3,23,29,11,7,10,48,31,47,8,0,0,1,4,4,47,0,0
225,268,11,176,2,1,3,2,1,1,1,2,1,2,3,4,2.0,4,0,1,8,14,10,54,19,10,12,0,27,57,84,0,0,22,7,3,4,43,0,0
220,209,58,117,3,1,3,2,1,2,3,2,1,2,1,0,7.0,3,0,1,13,23,5,5,14,22,31,6,32,24,74,0,0,28,13,4,4,76,0,0
242,97,43,38,3,1,3,2,1,2,2,2,1,2,4,3,2.0,4,0,0,15,5,3,32,22,18,6,0,48,57,84,0,0,28,15,8,4,12,0,0
207,77,62,114,3,1,3,2,1,2,3,2,1,1,1,0,2.0,2,0,1,8,30,3,28,24,10,29,9,30,17,94,3,0,29,21,2,4,12,0,0
224,280,19,211,2,1,3,2,1,1,1,2,1,2,3,5,2.0,4,0,0,3,38,10,54,22,14,12,0,35,57,84,0,0,22,16,1,4,27,0,0
239,350,19,52,3,1,3,2,1,1,1,2,1,2,3,5,9.0,4,0,0,3,5,3,16,17,9,12,0,45,57,84,0,0,0,1,1,4,0,0,0
216,134,16,172,3,1,3,2,1,2,3,2,1,2,1,0,7.0,2,0,1,15,27,8,0,24,22,29,0,26,57,84,0,0,29,13,6,4,16,0,0
218,216,58,117,3,1,3,2,1,2,3,2,1,2,1,0,7.0,3,0,0,11,28,8,28,24,11,29,0,17,57,84,8,0,29,13,4,4,0,0,0
207,177,62,114,3,1,3,2,1,2,3,2,1,1,1,0,7.0,2,0,1,7,30,3,41,24,10,29,97,30,41,61,10,0,29,13,2,4,12,0,0
241,3,44,64,2,1,3,2,1,2,1,2,1,2,3,4,7.0,4,0,0,8,4,3,28,27,10,12,0,55,54,90,3,0,22,6,5,4,0,0,0
240,5,44,64,2,1,3,2,1,2,1,2,1,2,3,4,7.0,4,0,1,8,4,3,28,16,5,12,0,55,54,90,3,0,22,3,5,4,46,0,0
210,272,61,34,3,1,3,2,1,2,3,2,1,2,3,4,2.0,4,0,0,8,24,7,28,24,11,20,26,42,27,35,0,0,18,8,4,4,0,0,0
248,229,9,224,2,1,1,1,1,2,1,2,0,0,4,2,2.0,1,0,0,3,15,6,44,23,10,7,123,11,81,116,17,4,22,13,12,4,24,0,0
246,293,30,5,3,1,1,1,1,2,1,2,0,2,3,4,7.0,1,0,1,8,5,10,23,16,10,16,123,28,81,116,17,4,22,18,12,4,3,0,0
243,7,44,65,2,1,1,1,1,2,1,2,0,1,3,4,7.0,1,0,1,11,1,20,16,20,10,2,123,35,81,116,17,4,15,12,12,4,0,0,0
246,152,53,40,2,1,1,1,1,2,1,2,0,0,4,3,9.0,4,0,0,8,5,10,35,19,11,7,123,2,81,116,17,4,22,13,12,4,7,0,0
247,267,65,49,2,1,1,1,1,1,1,2,0,2,3,5,9.0,4,0,0,6,7,3,28,22,9,20,123,42,81,116,17,4,20,13,12,4,8,0,0
249,118,55,152,2,1,1,1,1,1,1,2,0,2,4,2,2.0,4,0,0,18,16,7,48,22,7,11,123,45,81,116,17,4,9,13,12,4,0,0,0
245,348,55,54,2,1,1,1,1,1,1,2,0,2,3,4,2.0,4,0,0,6,13,8,41,16,11,2,123,31,81,116,17,4,9,15,12,4,60,0,0
244,95,55,53,2,1,1,1,1,1,1,2,0,2,4,3,2.0,4,0,0,13,15,3,54,14,7,12,123,55,81,116,17,4,18,8,12,4,15,0,0
250,268,60,46,2,1,1,1,1,1,1,2,0,2,3,5,10.0,4,0,1,8,17,20,10,29,11,12,123,51,81,116,17,4,0,1,12,4,70,0,0
251,194,59,60,2,1,1,1,1,2,1,2,0,2,3,6,2.0,3,0,1,13,18,6,54,24,10,2,123,48,81,116,17,4,15,21,12,4,23,0,0
252,212,59,60,2,1,1,1,1,2,1,2,0,2,4,3,9.0,3,0,0,15,21,10,28,24,2,8,123,53,81,116,17,4,22,21,12,4,5,0,0
253,328,21,96,3,1,1,1,1,2,3,2,0,0,3,5,2.0,4,0,1,18,21,10,63,24,16,17,123,31,81,116,17,4,17,6,12,4,0,0,0
254,286,21,96,3,1,1,1,1,2,3,2,0,2,3,5,2.0,4,0,0,18,19,10,56,26,14,10,123,27,81,116,17,4,22,13,12,4,6,0,0
255,313,60,47,2,1,1,1,1,2,3,2,0,2,3,5,2.0,4,0,0,8,22,10,41,30,14,12,123,35,81,116,17,4,22,13,12,4,6,0,0
256,206,59,61,2,1,1,1,1,1,1,2,0,2,4,3,1.0,3,0,0,6,21,8,31,25,11,14,123,55,81,116,17,4,22,13,12,4,6,0,0
257,6,44,67,1,1,1,1,1,2,1,2,0,2,3,4,7.0,3,0,0,15,31,10,26,24,10,12,123,47,81,116,17,4,22,13,12,4,0,0,0
258,140,49,250,3,1,1,1,1,2,3,2,0,2,4,2,9.0,2,0,1,15,32,10,23,30,11,4,123,5,81,116,17,4,22,24,12,4,4,0,0
260,0,74,153,1,3,1,1,2,3,4,4,0,3,1,3,2.0,5,0,0,28,27,12,23,28,22,5,123,3,81,116,17,4,22,32,12,4,14,0,0
261,402,78,68,1,3,1,1,2,4,6,4,0,4,3,4,2.0,7,0,0,28,28,6,35,23,10,17,123,43,81,116,17,4,21,13,12,4,27,0,0
262,416,73,100,1,3,1,1,2,3,4,4,0,4,1,3,9.0,5,0,0,28,32,11,31,24,11,10,123,44,81,116,17,4,22,13,12,4,27,0,0
263,407,78,69,1,3,1,1,2,4,6,4,0,4,3,4,7.0,6,0,1,28,15,12,38,26,22,12,123,48,81,116,17,4,32,32,12,4,14,0,0
264,405,78,69,1,3,1,1,2,4,6,4,0,4,3,4,7.0,6,0,1,28,25,11,28,26,7,4,123,45,81,116,17,4,22,13,12,4,74,0,0
265,403,78,69,1,3,1,1,2,4,6,4,0,4,3,4,7.0,6,0,1,28,25,8,26,24,0,7,123,48,81,116,17,4,22,13,12,4,77,0,0
266,404,78,69,1,3,1,1,2,4,6,4,0,4,3,4,7.0,6,0,3,28,21,11,18,26,10,20,123,45,81,116,17,4,22,12,12,4,77,0,0
259,421,75,154,1,3,1,1,2,4,6,4,0,0,1,3,2.0,5,0,1,28,21,14,31,22,7,11,123,6,81,116,17,4,22,32,12,4,77,0,0
267,430,69,143,1,3,1,1,2,4,6,4,0,4,1,3,2.0,5,0,1,28,12,4,29,29,7,6,123,17,81,116,17,4,13,22,12,4,77,0,0
268,401,82,6,1,3,1,1,2,4,6,4,0,4,3,4,7.0,7,0,1,28,20,14,35,20,11,12,123,42,81,116,17,4,22,16,12,4,77,0,0
269,418,74,155,1,3,1,1,2,4,5,4,0,4,1,3,2.0,5,0,0,28,18,11,19,16,18,10,123,27,81,116,17,4,24,21,12,4,25,0,0
270,422,74,155,1,3,1,1,2,4,5,4,0,4,1,3,2.0,5,0,0,28,4,11,31,15,10,12,123,35,81,116,17,4,22,21,12,4,25,0,0
271,419,79,251,1,3,1,1,2,3,4,4,0,4,1,3,2.0,5,0,1,28,11,11,54,24,3,7,123,35,81,116,17,4,22,21,12,0,57,2,0
272,427,80,112,1,3,1,1,2,4,6,1,0,4,1,2,2.0,6,0,0,28,0,11,45,32,8,10,123,42,81,116,17,4,20,14,12,4,24,0,0
273,431,77,140,1,3,1,1,2,3,4,1,0,4,4,0,7.0,6,0,0,28,5,12,23,14,11,34,123,4,81,116,17,4,15,21,12,4,52,0,0
274,429,70,175,1,3,1,1,2,3,4,1,0,4,4,0,7.0,5,0,1,28,4,11,41,16,11,29,123,7,81,116,17,4,22,27,12,4,31,2,0
275,426,69,133,1,3,1,1,2,4,5,1,0,4,1,2,2.0,5,0,1,28,5,11,49,28,10,8,123,25,81,116,17,4,22,13,12,4,31,2,0
276,406,78,256,1,3,1,1,2,4,6,1,0,4,3,4,7.0,7,0,0,28,9,0,46,18,11,12,123,63,81,116,17,4,26,0,12,4,31,2,0
277,417,81,120,1,3,1,1,2,5,6,1,0,4,1,3,2.0,7,0,0,28,12,6,49,30,3,36,123,42,81,116,17,4,17,26,12,4,43,2,0
279,148,79,252,1,3,1,1,2,3,4,1,0,4,1,3,2.0,5,0,1,28,17,4,41,19,4,7,123,20,81,116,17,4,22,6,12,4,42,0,0
280,396,78,257,1,3,1,1,2,5,6,1,0,0,1,3,2.0,7,0,1,28,38,11,28,24,7,12,123,56,81,116,17,4,28,5,12,4,48,0,0
281,412,78,258,1,3,1,1,2,4,6,1,0,4,3,6,2.0,7,0,1,28,19,11,49,32,11,7,123,48,81,116,17,4,30,25,12,4,37,2,0
282,420,79,253,1,3,1,1,2,3,4,1,0,4,1,2,2.0,5,0,1,28,21,11,16,35,20,9,123,31,81,116,17,4,30,21,12,4,0,2,0
283,428,81,186,1,3,1,1,2,3,4,1,0,4,1,2,2.0,5,0,1,28,15,4,49,18,10,16,123,42,81,116,17,4,23,14,12,4,11,2,0
284,428,74,104,1,3,1,1,2,3,4,1,0,4,1,3,9.0,5,0,1,28,21,4,54,19,12,7,123,27,81,116,17,4,16,14,12,4,11,2,0
285,425,81,186,1,3,1,1,2,3,4,1,0,4,1,2,9.0,5,0,0,28,20,4,54,39,10,9,123,27,81,116,17,4,22,13,12,4,27,0,0
286,415,76,107,1,3,1,1,2,4,6,1,0,4,3,4,7.0,7,0,1,28,19,8,35,24,11,20,123,55,81,116,17,4,13,18,12,4,37,3,0
287,432,83,255,1,3,1,1,2,4,6,1,0,0,3,5,2.0,7,0,1,28,19,20,35,22,14,12,123,58,81,116,17,4,6,14,12,4,79,0,0
290,411,78,259,1,3,1,1,2,4,4,1,0,4,3,7,2.0,7,0,0,28,18,20,54,17,11,17,123,58,81,116,17,4,23,18,12,4,53,0,0
289,414,71,236,1,3,1,1,2,5,6,1,0,3,3,7,2.0,7,0,1,28,38,20,41,27,22,10,123,76,81,116,17,4,22,14,12,4,52,0,0
288,413,71,236,1,3,1,1,2,5,6,1,0,4,3,7,9.0,7,0,1,28,25,20,27,20,18,12,123,78,81,116,17,4,1,5,12,4,52,0,0
292,409,78,259,1,3,1,1,2,4,6,1,0,0,3,6,2.0,7,0,0,28,21,11,60,24,18,14,123,51,81,116,17,4,32,32,12,4,47,0,0
291,408,78,259,1,3,1,1,2,4,6,1,0,0,3,6,9.0,7,0,0,28,17,20,58,26,18,7,123,50,81,116,17,4,4,13,12,4,52,0,0
293,423,68,232,1,3,1,1,2,4,4,1,0,4,1,2,1.0,7,0,0,28,38,4,44,20,8,16,123,58,81,116,17,4,0,1,12,4,47,0,0
293,407,78,260,1,3,1,1,2,4,4,1,0,0,3,6,2.0,7,0,0,28,38,11,49,14,18,16,123,52,81,116,17,4,24,30,12,4,39,0,0
294,410,78,260,1,3,1,1,2,4,6,1,0,0,3,7,2.0,7,0,0,28,11,8,48,20,18,16,123,52,81,116,17,4,9,28,12,4,39,0,0
294,424,68,232,1,3,1,1,2,4,6,1,0,4,1,2,1.0,7,0,0,28,11,4,19,19,11,7,123,57,81,116,17,4,22,13,12,4,41,0,0
